Study_ID,Citation,Publication_Year,Unit_size_km2,Log_Unit_size,Total_Variables,Total_Variables_Numeric,Jurisdiction,Anglo_Saxon,Crime_Type_Clean,Unit_Type,Research_Sophistication,Time_Period,Has_Unit_Justification,Justification_Summary,Quoted_Rationale,Rationale_Category,Variable_Complexity,Variable_Diversity_Score,Demographic_Count_Numeric,Economic_Count_Numeric,Environmental_Count_Numeric,Distance_Count_Numeric,Temporal_Count_Numeric,Has_Demographic_Vars,Has_Economic_Vars,Has_Environmental_Vars,Has_Distance_Vars,Has_Temporal_Vars,Data_Limitation_Score,Data_Limitation_Category,Has_Data_Quality_Issues,Has_Missing_Data_Issues,Has_Data_Source_Limitations,Has_Measurement_Issues,Has_Temporal_Limitations,Has_Generalizability_Issues,Has_Context_Specificity,Has_Comparative_Limitations,Has_Scale_Limitations,Has_Scale_Recommendations,Has_Spatial_Scale_Recommendations,Scale_Limitations_Status,Scale_Recommendations_Status,Spatial_Scale_Recommendations,Methodological_Rigor_Score,Study_Quality_Score,Has_Model_Comparison,Has_Sample_Size_Effects,Has_Robustness_Checks,Has_Cross_Scale_Comparisons,Data_Quality_Issues,Missing_Data_Issues,Data_Source_Limitations,Measurement_Issues,Temporal_Limitations,Generalizability,Context_Specificity,Comparative_Limitations
1,"(Vandeviver et al., 2015)",2015,1.36e-4,-3.8664610916297826,21,21,Belgium,Other,Burglary,Property-level,4,2011-2015,TRUE,Using houses as the spatial unit addresses methodological issues and aligns with the nature of burglary.,"""The use of fine-grained spatial units of analysis such as the house that is burglarized has the advantage that it addresses the modifiable areal unit problem and reduces the risk of aggregation bias.""",Theory-Method,High (21-30),5,3,3,6,5,4,TRUE,TRUE,TRUE,TRUE,TRUE,7,Extensive Limitations (>6),TRUE,TRUE,TRUE,TRUE,FALSE,TRUE,TRUE,TRUE,TRUE,FALSE,TRUE,Specified,Not Specified,Use finer spatial units like the house level.,1,5,FALSE,FALSE,FALSE,TRUE,Selection effects in recorded crime data may overrepresent local burglars and underestimate remote targets.,Police files lack information on additional reference points or actual locations from which offenders left to commit offenses.,"Registry data lacks information on apartments, limiting analyses to house burglaries.","Variables for rewards, efforts, and risks may not be effective indicators.",NA,Limited to the Belgian province of East Flanders; focus on houses rather than apartments.,"Findings specific to East Flanders, Belgium.",No direct comparisons across different contexts or time periods.
2,"(Langton & Steenbeek, 2017)",2017,1.4227e-4,-3.846886668489391,19,19,Netherlands,Other,Burglary,Property-level,4,2016-2020,TRUE,"The study focuses on property-level attributes, using a case-control design to isolate property-level effects from neighborhood-level effects.","Not explicitly quoted, but implied in the methodology",Theory-Method,Medium (11-20),5,3,1,3,6,6,TRUE,TRUE,TRUE,TRUE,TRUE,8,Extensive Limitations (>6),TRUE,TRUE,TRUE,TRUE,TRUE,TRUE,TRUE,TRUE,FALSE,FALSE,TRUE,Not Specified,Not Specified,Focus on micro-spatial scales.,1,5,FALSE,TRUE,FALSE,FALSE,"The study acknowledges limitations in capturing isolated properties due to Google Street View's inability to access these areas, leading to a biased sample.",Isolated properties cannot be coded due to Google Car limitations.,Google Street View cannot capture isolated properties.,Measurements may not capture all nuances from one-on-one interviews; equal importance assumption for items within constructs may not hold.,"Behavior may vary depending on the time of day, not explored in this study.",Limited generalizability due to non-representative sample and context-specific data collection methods.,"Findings may be specific to The Hague, Netherlands, and single-family homes.",No direct comparisons across different contexts or time periods.
3,"(Kuralarasa et al, 2024)",2024,8.4491e-4,-3.073189549730839,24,24,Belgium,Other,Other Specific Crimes,Street-based,4,2021-2025,TRUE,Street segments were chosen because they align with human observational limitations and are suitable for measuring exposure.,"""We adopted street segments as our spatial unit of analysis, aligning with recent research advocating the use of street segments or similarly sized spatial units for analyzing crime and disorder.""",Theory-Method,High (21-30),4,2,0,9,5,8,TRUE,FALSE,TRUE,TRUE,TRUE,7,Extensive Limitations (>6),TRUE,TRUE,TRUE,TRUE,FALSE,TRUE,TRUE,TRUE,TRUE,FALSE,FALSE,Specified,Not Specified,Not mentioned.,1,5,TRUE,FALSE,FALSE,FALSE,Focus primarily on exposure; exclusion of variables due to inter-rater reliability issues.,Graffiti along railway tracks and in inaccessible locations.,Specific urban context; limited to Ghent city center.,Factors examined may not cover all motivations for graffiti writers.,NA,The findings are specific to the urban context of Ghent and may not generalize to other cities or contexts due to differences in graffiti culture and public perceptions.,"The findings are highly context-specific, as they are derived from a specific urban environment and may not apply to other settings.","The study does not provide a basis for comparison across different contexts or time periods, as it is focused on a specific urban environment."
4,"(Bernasco & Jacques, 2015)",2015,0.001545,-2.8110715162391466,25,25,Netherlands,Other,Other Specific Crimes,Street-based,4,2011-2015,TRUE,Street segments were chosen because they are small enough to capture relevant environmental characteristics that influence drug dealing decisions.,"""The rationale was that for decision making in dealing situations, what matters are the characteristics of a place that can be seen or heard, and it seemed that street segments ('street blocks,' 'face blocks') are small enough to assure that from any point in the street segment, relevant attributes of any other point in the same segment could be seen and heard.""",Theory-Method,High (21-30),5,7,4,6,3,5,TRUE,TRUE,TRUE,TRUE,TRUE,8,Extensive Limitations (>6),TRUE,TRUE,TRUE,TRUE,TRUE,TRUE,TRUE,TRUE,TRUE,TRUE,TRUE,Specified,Specified,Use smaller spatial units than street segments.,0,4,FALSE,FALSE,FALSE,FALSE,Small sample size affects statistical inference.,Limited access to certain types of dealers.,Study area and recruitment method limited access to certain dealers.,Street segments too coarse for stable characteristics.,Partial overlap of observation and interview periods.,Findings may not generalize well to other contexts or cities due to the specific characteristics of the Amsterdam Red Light District.,Highly specific to the Amsterdam Red Light District.,No basis for comparison across different contexts or time periods.
5,"(Bernasco et al., 2013)",2013,0.01968,-1.7059749059046774,22,22,United States,Anglo-Saxon,Robbery,Other,4,2011-2015,TRUE,Census blocks were chosen for detailed analysis of robbery locations,"""To improve our understanding of the fine-grained spatial decisions of street robbers, we zoom in to the level of census blocks""",Theory-Method,High (21-30),5,5,4,5,4,4,TRUE,TRUE,TRUE,TRUE,TRUE,8,Extensive Limitations (>6),TRUE,TRUE,TRUE,TRUE,TRUE,TRUE,TRUE,TRUE,FALSE,FALSE,TRUE,Not Specified,Not Specified,Use smaller spatial units like census blocks for detailed analysis.,3,7,TRUE,TRUE,FALSE,TRUE,Inability to identify offenders across multiple robberies.,Lack of information on prior crimes or past residential addresses of offenders.,No localized measures of deterrent factors.,Assumption that robbers have detailed knowledge of all census blocks.,Neglect of temporal variations and constraints.,The study's findings might not generalize to other cities or contexts.,The findings are specific to the context of Chicago.,The study does not provide direct comparisons across different contexts or time periods.
6,"(Bernasco et al., 2017)",2017,0.01968,-1.7059749059046774,37,37,United States,Anglo-Saxon,Robbery,Other,4,2016-2020,TRUE,Census blocks are used due to their appropriateness for detailed spatial analysis and data availability,Not explicitly stated,Prior Research,Very High (>30),5,7,6,13,6,5,TRUE,TRUE,TRUE,TRUE,TRUE,8,Extensive Limitations (>6),TRUE,TRUE,TRUE,TRUE,TRUE,TRUE,TRUE,TRUE,TRUE,TRUE,TRUE,Specified,Specified,The study suggests using fine-grained spatial units like census blocks.,1,5,FALSE,FALSE,FALSE,TRUE,The data did not allow for the identification of offenders across multiple robberies.,The data excluded robberies committed by non-residents and those on expressways or college campuses.,The business data lacked information on opening and closing hours.,Time was used as a proxy for physical presence and business hours.,The study did not measure actual business hours or human presence.,Findings may not be generalizable to other cities or contexts.,Findings are specific to Chicago's context.,Focus on Chicago limits comparisons with other studies or contexts.
7,"(Hanayama et al., 2018)",2018,0.025,-1.6020599913279623,13,13,Japan,Other,Burglary,Grid Cell,4,2016-2020,TRUE,"Grid cells were chosen for their equal size, allowing unbiased comparison in the model, and because physical boundaries do not significantly impact offender movement.","""Using grid cells as alternatives in the conditional logit model allows the unbiased comparison of alternatives, because the grid cells are equal in size.""",Theory-Method,Medium (11-20),5,4,1,4,2,2,TRUE,TRUE,TRUE,TRUE,TRUE,8,Extensive Limitations (>6),TRUE,TRUE,TRUE,TRUE,TRUE,TRUE,TRUE,TRUE,TRUE,TRUE,TRUE,Specified,Specified,Consider optimal spatial units or scales.,0,4,FALSE,FALSE,FALSE,FALSE,Errors in national census data due to blank returns or mistakes by respondents.,Real estate value of residences in Japan not readily available.,Difficulty defining a single city centre point in Japan.,Overestimation of past residential burglary rate in grid cells with few residential units.,Limited to Sendai City in Japan; may not be applicable to other areas or times.,The findings may not be applicable to all countries and cities due to differences in factors influencing crime.,"The findings are specific to Japan and Sendai City, which may limit their applicability to other contexts.",The study does not provide a basis for comparison across different contexts or time periods.
8,"(Frith et al., 2017)",2017,0.0284,-1.5466816599529623,23,23,United Kingdom,Anglo-Saxon,Burglary,Street-based,4,2016-2020,TRUE,"The choice of street segments is based on the theoretical understanding that offenders navigate along road networks, and this scale captures their decision-making logic better.","""For example, people do not navigate from one large area to another; they navigate along the road network. As such, a spatial resolution at this scale (e.g., street segment) should better capture the spatial logic of offender decision-making.""",Theory-Method,High (21-30),5,4,1,4,8,6,TRUE,TRUE,TRUE,TRUE,TRUE,8,Extensive Limitations (>6),TRUE,TRUE,TRUE,TRUE,TRUE,TRUE,TRUE,TRUE,FALSE,FALSE,TRUE,Not Specified,Not Specified,Use finer spatial scales like street segments for more accurate analysis.,3,7,TRUE,TRUE,FALSE,TRUE,Not all crimes are recorded or cleared by the police.,Estimates of social disorganization through systematic social observation were not collected.,Police data may only represent offenders who came to the attention of the police.,Simplified binary scale for local and nonlocal areas.,Data from a 10-year period may have temporal resolution issues.,Replication is needed to establish external validity.,The study's focus on a specific geographic area and time period may make the findings context-specific.,The study does not provide direct comparisons across different contexts or time periods.
9,"(Smith & Brown, 2007)",2007,0.032,-1.494850021680094,6,6,United States,Anglo-Saxon,Burglary,Grid Cell,4,2003-2010,TRUE,Practical consideration for capturing spatial feature variance,"""The resolution of the grid used must be fine enough to capture the variance of spatial features.""",Practical Constraint,Low (≤10),3,1,0,2,3,0,TRUE,FALSE,TRUE,TRUE,FALSE,8,Extensive Limitations (>6),TRUE,TRUE,TRUE,TRUE,TRUE,TRUE,TRUE,TRUE,FALSE,TRUE,FALSE,Not Specified,Specified,Not mentioned.,1,5,TRUE,FALSE,FALSE,FALSE,Potential for multicollinearity among features.,Limited dataset to residential breaking and entering crimes in the third quarter of 1997.,"Limited to City of Richmond, VA, for the year 1997.",Use of grid system and aggregated demographic variables.,Limited to third quarter of 1997.,Limited to urban crime dataset; may not generalize to other contexts.,"Findings specific to breaking and entering crimes in Richmond, VA, 1997.",No direct comparison across contexts or time periods.
10,"(Bernasco, 2019)",2019,0.04,-1.3979400086720375,21,21,Netherlands,Other,Multiple/Mixed Crime Types,Grid Cell,4,2016-2020,TRUE,The grid cell system was likely chosen for consistency with prior research and practical constraints.,NA,Practical Constraint,High (21-30),5,4,5,4,4,4,TRUE,TRUE,TRUE,TRUE,TRUE,8,Extensive Limitations (>6),TRUE,TRUE,TRUE,TRUE,TRUE,TRUE,TRUE,TRUE,FALSE,FALSE,FALSE,Not Specified,Not Specified,Not mentioned.,2,6,TRUE,FALSE,FALSE,TRUE,Police data are incomplete due to underreporting and low clearance rates.,Unreported crimes and offenders not apprehended are missing from police data.,Space-time budget data is limited by high fieldwork costs and participants' memory limitations.,"Measurement of whereabouts was limited to October-May, missing seasonal variations.",Short observation period of four days and fixed one-hour slots.,Findings may not generalize due to focus on adolescents and incomplete police data.,Findings specific to The Hague context.,No basis for comparison across contexts or time periods.
11,"(Xue & Brown, 2006)",2006,0.062,-1.207608310501746,12,12,United States,Anglo-Saxon,Burglary,Grid Cell,3,2003-2010,TRUE,Block groups were used due to their alignment with census data availability and their suitability for representing spatial alternatives within the study area.,"""The sub regions shown in Fig. 1 are block groups, which are the smallest areas, for which census counts are recorded.""",Data Availability,Medium (11-20),4,0,2,4,2,4,FALSE,TRUE,TRUE,TRUE,TRUE,8,Extensive Limitations (>6),TRUE,TRUE,TRUE,TRUE,TRUE,TRUE,TRUE,TRUE,FALSE,FALSE,TRUE,Not Specified,Not Specified,The paper suggests focusing on finer spatial scales to better capture criminal decision-making processes.,1,4,TRUE,FALSE,FALSE,FALSE,Limited toolsets for analysis.,Characteristics of individuals and choice sets are not directly observed.,Attributes derived from census data and distance values may be correlated.,Large number of alternatives and attributes makes measurement challenging.,Focus on past data for prediction may imply temporal resolution issues.,"Models developed using data from a specific context, limiting applicability to other areas.","Findings specific to Richmond, VA; may not generalize to other areas.",Limited comparison to hot spot methods; no comprehensive comparison across contexts or time periods.
12,"(Marchment & Gill, 2019)",2019,0.15,-0.8239087409443188,13,13,Northern Ireland,Other,Other Specific Crimes,Other,4,2016-2020,TRUE,"SAs were chosen due to their suitability for statistical analysis and the lack of sociodemographic data, aligning with data availability and administrative convenience.","""As no sociodemographic variables were included in the analysis, it was deemed that SAs would be appropriate to use""",Data Availability,Medium (11-20),3,3,0,4,6,0,TRUE,FALSE,TRUE,TRUE,FALSE,8,Extensive Limitations (>6),TRUE,TRUE,TRUE,TRUE,TRUE,TRUE,TRUE,TRUE,TRUE,TRUE,TRUE,Specified,Specified,Use smaller areal units to capture more detailed social context factors.,2,6,FALSE,TRUE,FALSE,TRUE,Difficulties due to historical nature of records.,Unavailability of data on affluence levels and residential segregation.,Historical nature of records; unavailability of certain data.,Arbitrary areal unit boundaries; potential inaccuracy in characteristic data.,Retrospective nature limited data availability at small area level.,Limited to Belfast and PIRA members; replication needed in other cities and with different groups.,Findings specific to Belfast and PIRA context.,Restricted to one city and one terrorist group; difficult to compare across contexts or time periods.
13,"(Johnson & Summers, 2015)",2015,0.2,-0.6989700043360187,17,17,United Kingdom,Anglo-Saxon,Theft,Statistical Area,4,2011-2015,TRUE,"LSOAs were likely chosen due to their standard use in UK census data and administrative convenience, although not explicitly justified in the paper.","Not explicitly quoted, but implied due to data availability and administrative convenience",Data Availability,Medium (11-20),5,3,1,4,4,5,TRUE,TRUE,TRUE,TRUE,TRUE,8,Extensive Limitations (>6),TRUE,TRUE,TRUE,TRUE,TRUE,TRUE,TRUE,TRUE,FALSE,FALSE,TRUE,Not Specified,Not Specified,The study suggests using smaller spatial units like Lower Super Output Areas (LSOAs) for analysis.,1,5,FALSE,FALSE,FALSE,TRUE,Dependency in data due to reoffending could lead to errors in statistical inference.,Crimes committed by offenders living outside the study area were excluded.,Indirect measures of socioeconomic heterogeneity and population turnover.,Number of registered vehicles and car parks may not reflect actual abundance.,Focus on a 5-year period.,"Study extends external validity by examining a new crime type and location, but exclusion of external crimes and focus on TFV may limit generalizability.","Findings specific to TFV in Dorset, UK; may not apply to other crimes or locations.",No direct comparisons across different contexts or time periods.
14,"(Baudains et al., 2013)",2013,0.33,-0.4814860601221125,27,27,United Kingdom,Anglo-Saxon,Other Specific Crimes,Statistical Area,4,2011-2015,TRUE,LSOAs were chosen due to their availability in the UK census data and their suitability for representing detailed population characteristics.,"""The advantage of smaller sized units of analysis in the discrete choice approach is that the explanatory variables are more representative of the population and characteristics of each area.""",Data Availability,High (21-30),5,6,1,5,6,9,TRUE,TRUE,TRUE,TRUE,TRUE,8,Extensive Limitations (>6),TRUE,TRUE,TRUE,TRUE,TRUE,TRUE,TRUE,TRUE,FALSE,TRUE,TRUE,Not Specified,Specified,Use smaller spatial units like LSOAs for more representative data.,0,4,FALSE,FALSE,FALSE,FALSE,Use of 2001 census data for estimating ethnic diversity and population churn.,Unavailability of data on police activity.,Reliance on 2001 census data for social demographics.,Potential for unobserved heterogeneity in measuring recent activity.,"Focus on August 6-11, 2011.",The findings are based on a specific event and may not generalize to other contexts or types of civil disorders.,The findings are specific to the 2011 London riots and may not apply to other riots due to unique contextual factors.,The study does not compare findings across different riots or contexts.
15,"(Rowan, Appleby & McGloin, 2022)",2022,0.37,-0.431798275933005,22,22,United States,Anglo-Saxon,Multiple/Mixed Crime Types,Other,4,2021-2025,TRUE,The choice of census block groups is based on their appropriateness for studying neighborhood-level phenomena and consistency with prior research.,"""Importantly, in a city context (as opposed to suburban or rural locales), a census block is generally a small area (typically a street-bounded block) and using this unit is consistent with prior work on the relationship between co-offending and neighbourhood context, which has relied on census tracts or blocks.""",Prior Research,High (21-30),5,4,3,6,2,7,TRUE,TRUE,TRUE,TRUE,TRUE,8,Extensive Limitations (>6),TRUE,TRUE,TRUE,TRUE,TRUE,TRUE,TRUE,TRUE,TRUE,TRUE,TRUE,Specified,Specified,Use smaller microunits than census block groups.,0,4,FALSE,FALSE,FALSE,FALSE,Undercounting of crime due to reliance on arrest data; potential for incorrect coding of solo crimes.,Incomplete geocoding due to missing or problematic location information.,Publicly available arrest data may not capture all criminal events.,Potential for incorrect coding of incidents as solo crimes.,Data limited to 2013-2016.,Findings are limited by focus on a single city and may not generalize to other contexts.,Findings may be specific to Baltimore City's unique design and connectivity.,No basis for comparison across different locales or time periods.
16,"(Frith, 2019)",2019,0.44,-0.3565473235138126,10,10,United Kingdom,Anglo-Saxon,Other Specific Crimes,Statistical Area,4,2016-2020,TRUE,Chosen based on data availability and preference for finer spatial granularity,"""The alternatives in this analysis are output areas, herein referred to as neighbourhoods, which are the smallest units for which the variables in this study are available.""",Theory-Method,Low (≤10),4,4,2,1,3,0,TRUE,TRUE,TRUE,TRUE,FALSE,8,Extensive Limitations (>6),TRUE,TRUE,TRUE,TRUE,TRUE,TRUE,TRUE,TRUE,TRUE,TRUE,TRUE,Specified,Specified,Use smaller spatial units for more accurate insights into social organization.,2,6,TRUE,FALSE,FALSE,TRUE,"The data analyzed are reported, recorded, and detected crimes, which may not represent all crimes.",The analysis assumes offenders with one offence in the time period are not repeat offenders.,"The study relies on revealed preference data, which may not fully capture the decision-making process.","The study groups different types of offenders together, which may mask differences in behavior.",The study is limited to data from April 2008 to March 2012.,Grouping different offense types together may limit generalizability to specific types of offenders.,"Findings may be specific to the study context (York, UK).",The study's context specificity and dataset may limit comparisons across different contexts or time periods.
17,"(Bernasco et al., 2015)",2015,0.51,-0.2924298239020636,30,30,United Kingdom,Anglo-Saxon,Burglary,Statistical Area,4,2011-2015,TRUE,"LSOAs were chosen for their balance in size and their alignment with social homogeneity measures, allowing for effective analysis of crime location choice and spillover effects.","""As a compromise, we decided to use the UK Census Lower Level Super Output Area (LSOA) geography as the basic spatial unit of analysis.""",Prior Research,High (21-30),5,3,3,13,4,7,TRUE,TRUE,TRUE,TRUE,TRUE,8,Extensive Limitations (>6),TRUE,TRUE,TRUE,TRUE,TRUE,TRUE,TRUE,TRUE,FALSE,FALSE,TRUE,Not Specified,Not Specified,Not explicitly mentioned.,1,5,FALSE,FALSE,FALSE,TRUE,Detected burglaries only; considered unsuccessful due to arrests.,Success of previous burglaries; prior home locations.,Police-recorded data; may not capture all burglaries.,Success/failure of previous burglaries not accounted for.,Fixed period for past burglaries; may not capture long-term patterns.,The study's findings might not generalize to other types of crimes or to different geographical contexts.,The findings are specific to the context of the West Midlands in the UK and may not apply to other regions or countries.,The study is limited to a specific time period (2007-2012) and does not allow for comparisons across different time periods or contexts.
18,"(Bernasco, 2006)",2006,0.65,-0.18708664335714442,17,17,Netherlands,Other,Burglary,Neighborhood,4,2003-2010,TRUE,"The use of residential neighborhoods as spatial units is likely due to data availability and administrative convenience, although not explicitly justified in the paper.",NA,Not specified,Medium (11-20),5,5,3,5,3,1,TRUE,TRUE,TRUE,TRUE,TRUE,8,Extensive Limitations (>6),TRUE,TRUE,TRUE,TRUE,TRUE,TRUE,TRUE,TRUE,TRUE,FALSE,TRUE,Specified,Not Specified,Focus on neighborhood-level analysis.,0,4,FALSE,FALSE,FALSE,FALSE,Low detection rate (7%) could bias results if related to location choice criteria.,Potential incompleteness of police data on number of offenders involved.,Reliance on police data with low detection rate and potential incompleteness.,Potential underestimation of co-offenders due to incomplete data.,"Study covers 1996-2004, but no specific temporal issues mentioned.",Findings may not be generalizable to other cities or contexts.,Findings are specific to The Hague and may not apply to other cities or regions.,The study does not provide a basis for comparison across different cities or contexts.
19,"(Bernasco & Nieuwbeerta, 2005)",2005,0.65,-0.18708664335714442,19,19,Netherlands,Other,Burglary,Neighborhood,4,2003-2010,TRUE,Chosen based on administrative boundaries and data availability from the municipality of The Hague,Not explicitly quoted,Data Availability,Medium (11-20),5,5,1,2,3,8,TRUE,TRUE,TRUE,TRUE,TRUE,8,Extensive Limitations (>6),TRUE,TRUE,TRUE,TRUE,TRUE,TRUE,TRUE,TRUE,FALSE,FALSE,TRUE,Not Specified,Not Specified,The study suggests using neighborhood-level data for analysis.,0,4,FALSE,FALSE,FALSE,FALSE,Low detection rate could bias results if related to location choice criteria; no systematic relationship found between neighbourhood characteristics and clearance rates.,Burglaries outside The Hague excluded due to lack of data on neighbourhood characteristics.,Limited to The Hague due to unavailability of data on other areas.,Assumption that all choice criteria are equally important for all burglars.,Not mentioned.,Limited to the city of The Hague; findings may not be generalizable to other cities due to differences in urban social structures.,Findings specific to The Hague; results may be influenced by unique city characteristics.,No comparison across different contexts or time periods.
20,"(Townsley et al., 2015)",2015,0.65,-0.18708664335714442,14,14,Netherlands,Other,Burglary,Neighborhood,4,2011-2015,TRUE,"Spatial units chosen based on equivalence in size of burglar population and number of targets for Netherlands context, likely due to data availability and administrative convenience.","""Study regions and their associated choice set geographies (NL-neighborhoods, UK-Super Output Areas [medium layer], AU-Statistical Local Areas) were selected based on equivalence in size of the known burglar population, number of targets (households) within each area, and total number of areas in a study region. (Netherlands context - Neighborhoods)""",Data Availability,Medium (11-20),5,2,1,4,4,3,TRUE,TRUE,TRUE,TRUE,TRUE,7,Extensive Limitations (>6),TRUE,TRUE,TRUE,TRUE,FALSE,TRUE,TRUE,TRUE,TRUE,TRUE,TRUE,Specified,Specified,Use consolidated models for statistical comparisons across different environments.,1,5,TRUE,FALSE,FALSE,FALSE,"Relies solely on cleared offense data, which may not accurately represent all criminal activity.",Indicator of ethnic heterogeneity unavailable for UK and Australia.,Police-recorded crime data may have nonprobabilistic sampling issues.,Assumption that crime trips originate from an offender's residence may not always be accurate.,NA,Limited by reliance on cleared offense data and assumptions about crime trip origins; need for more study regions.,"Findings specific to The Hague, Netherlands context due to differences in target densities and urban neighborhood structure.",Differences in measurement precision and data availability limit comparative analyses; constrained by lowest common denominator of data.
21,"(Bernasco & Luykx, 2003)",2003,0.65,-0.18708664335714442,21,21,Netherlands,Other,Burglary,Neighborhood,2,2003-2010,TRUE,Neighborhoods were used as spatial units because they are the administrative divisions for which data was readily available from the municipality of The Hague,"Not explicitly stated, but implied by data source",Data Availability,High (21-30),5,2,3,5,5,6,TRUE,TRUE,TRUE,TRUE,TRUE,8,Extensive Limitations (>6),TRUE,TRUE,TRUE,TRUE,TRUE,TRUE,TRUE,TRUE,FALSE,FALSE,TRUE,Not Specified,Not Specified,Use spatially weighted measures for optimal spatial units.,1,3,TRUE,FALSE,FALSE,FALSE,SWEBER measure does not link offenders' homes to crime locations; low clearance rate might make apprehended burglars unrepresentative.,No mobility data available for 2000 and 2001.,Police-recorded data limited by low clearance rate.,Operationalization of ethnic heterogeneity and residential mobility.,Data from 1996 to 2001; might not capture changes outside this period.,"The study's findings are based on data from a single city, which may not generalize to other urban environments or contexts.","The study's findings are specific to The Hague, Netherlands, and may not apply to other cities with different demographic, economic, or spatial characteristics.","The study is limited to a specific time period and location, making it difficult to compare findings across different contexts or time periods."
22,"(Bernasco & Block, 2009)",2009,0.7,-0.1549019599857432,29,29,United States,Anglo-Saxon,Robbery,Census Tract,4,2003-2010,TRUE,Chosen due to data availability for collective efficacy measures and computational limitations with smaller units,"""the census tract was chosen as the spatial unit of analysis because it was the lowest level of aggregation for which the 'collective efficacy' measure was available and because computationally the use of the resource-intensive discrete choice model with smaller spatial units of analysis would have required a drastic reduction in sample size.""",Data Availability,High (21-30),5,5,4,10,5,5,TRUE,TRUE,TRUE,TRUE,TRUE,8,Extensive Limitations (>6),TRUE,TRUE,TRUE,TRUE,TRUE,TRUE,TRUE,TRUE,FALSE,TRUE,TRUE,Not Specified,Specified,Use smaller units of spatial aggregation.,1,5,FALSE,FALSE,FALSE,TRUE,Exclusion of unreported robberies may underestimate the attraction value of illegal markets.,Unable to identify repeat offenders across multiple incidents.,Collective efficacy measure has greater error due to aggregation from survey data.,Collective efficacy measure's aggregation may introduce measurement errors.,Neglects temporal variation in robbery patterns.,Limited to Chicago; use of census tracts may affect generalizability.,Findings specific to Chicago's demographic and spatial context.,No direct comparisons across contexts or time periods.
23,"(Vandeviver & Bernasco, 2020)",2020,0.79,-0.10237290870955855,22,22,Belgium,Other,Burglary,Administrative District,4,2016-2020,TRUE,The spatial units were chosen for their comparability to previous studies and their suitability for analyzing burglary target choice at the residence level.,"""The neighborhoods in this study are similarly constructed to the areas used in most previous discrete spatial choice studies and are comparable or smaller in size.""",Theory-Method,High (21-30),5,6,5,4,1,6,TRUE,TRUE,TRUE,TRUE,TRUE,8,Extensive Limitations (>6),TRUE,TRUE,TRUE,TRUE,TRUE,TRUE,TRUE,TRUE,FALSE,FALSE,TRUE,Not Specified,Not Specified,Not explicitly mentioned.,2,6,TRUE,FALSE,FALSE,TRUE,Potential selectivity in the sample due to selection criteria.,Lack of personal data on burglars; absence of certain residential features and situational cues.,Census data lacks relevant variables for burglary target selection.,Neighborhood and residence data not measured at the same time as burglaries.,"Neighborhood and residence data only from 2011, not matching burglary period.","Findings may not be generalizable to other contexts or cities beyond Ghent, Belgium.","Findings are specific to the context of Ghent, Belgium.",Data collection at different times for burglary and neighborhood/residence data limits comparisons across time periods.
24,"(A. W. Chamberlain & Boggess, 2016)",2016,0.88,-0.05551732784983137,30,30,United States,Anglo-Saxon,Burglary,Block-based,4,2016-2020,TRUE,Block groups were chosen to reduce internal variability and ensure data availability.,"""We rely on block groups in order to minimize within neighborhood heterogeneity while also ensuring that there is neighborhood contextual data available.""",Data Availability,High (21-30),5,7,6,7,3,7,TRUE,TRUE,TRUE,TRUE,TRUE,8,Extensive Limitations (>6),TRUE,TRUE,TRUE,TRUE,TRUE,TRUE,TRUE,TRUE,FALSE,TRUE,TRUE,Not Specified,Specified,Use block groups as a spatial unit for analysis.,3,7,TRUE,TRUE,FALSE,TRUE,Lack of information on 80% of burglaries not cleared; potential bias in arrest data.,Age and criminal history of suspects; distinction between residential and commercial burglaries.,Arrest data only includes cleared burglaries.,No temporal variation or land use variations captured.,No temporal variation in neighborhood target attractiveness captured.,"The study is limited to the City of Tampa, Florida, which may not be representative of other cities or contexts.","The study's focus on Tampa, Florida, makes findings context-specific and not easily applicable to other areas.","The study does not account for variations in land use or temporal variations, affecting comparability."
25,"(Cai et al., 2024)",2024,0.958,-0.018634490921455603,31,31,China,Other,Burglary,Neighborhood,4,2021-2025,TRUE,The communities were chosen due to their role as the smallest administrative units for data collection and their comparability to prior studies.,"""These communities with relatively high resident homogeneity are comparable to prior studies in terms of geographic and population sizes.""",Data Availability,Very High (>30),5,4,11,4,3,9,TRUE,TRUE,TRUE,TRUE,TRUE,7,Extensive Limitations (>6),TRUE,TRUE,FALSE,TRUE,TRUE,TRUE,TRUE,TRUE,TRUE,TRUE,TRUE,Specified,Specified,Not explicitly mentioned.,1,5,FALSE,FALSE,FALSE,TRUE,"Lack of consideration of other neighborhood structural conditions such as social cohesion, ecological networks, and collective efficacy.",Difficulty in obtaining the history of criminals' activity space locations.,NA,Use of log(mobility flow+1) and reliance on robust standard errors for confidence intervals.,Not explicitly mentioned.,"The study is conducted in a specific city in China, which may not be representative of other urban or rural areas. The findings might not generalize to different cultural or socioeconomic contexts.","The study is specific to the city of ZG in southeast China, and the findings may be influenced by local factors such as urban planning, policing strategies, and cultural norms.","The study does not provide a direct comparison with other cities or countries, which limits the ability to generalize findings across different contexts."
26,"(Curtis-Ham et al., 2025)",2025,1.2,0.07918124604762482,12,12,New Zealand,Other,Burglary,Statistical Area,4,2021-2025,TRUE,SA2s were chosen for consistency with previous studies and to balance spatial spill-over and heterogeneity considerations.,"""Consistent with previous studies (e.g., Clare et al., 2009; Townsley et al., 2015), we use SA2s as the spatial unit to examine meso-level spatial choices.""",Theory-Method,Medium (11-20),5,2,2,4,2,2,TRUE,TRUE,TRUE,TRUE,TRUE,8,Extensive Limitations (>6),TRUE,TRUE,TRUE,TRUE,TRUE,TRUE,TRUE,TRUE,FALSE,TRUE,FALSE,Not Specified,Specified,Not mentioned.,0,4,FALSE,FALSE,FALSE,FALSE,Data does not capture all pre-offense activity locations; imprecision in filling missing data; overestimation of frequency for certain activity locations.,Not all pre-offense activity locations captured; missing data required imputation.,Police administrative data may not capture all relevant activity locations.,Reliability and relevance measures are proxies; frequency overestimation for certain activity locations.,Not mentioned.,"Findings likely generalize beyond included crimes, but further research is needed; the study supports generalizability across contexts.","Findings are based on New Zealand data, which may have unique characteristics; further testing is needed for other contexts.",The study does not compare across different contexts or time periods; future research should explore these aspects.
27,"(A. Chamberlain et al., 2022)",2022,1.36,0.13353890837021754,29,29,United States,Anglo-Saxon,Burglary,Block-based,4,2021-2025,TRUE,Block groups were chosen as the spatial unit of analysis because they are the smallest units available for meaningful sociodemographic data.,"""because these are the smallest unit available where meaningful sociodemographic data are available""",Data Availability,High (21-30),5,5,4,8,3,9,TRUE,TRUE,TRUE,TRUE,TRUE,8,Extensive Limitations (>6),TRUE,TRUE,TRUE,TRUE,TRUE,TRUE,TRUE,TRUE,FALSE,TRUE,TRUE,Not Specified,Specified,Focus on small-scale urban planning using block groups as neighborhoods.,2,6,TRUE,FALSE,FALSE,TRUE,Reliance on arrest data with low clearance rates may lead to underestimation of burglars targeting distant locations.,"Lack of individual characteristics (race, criminal history), land use data, and residential/commercial target distinction.",Arrest data limited by low clearance rates.,No accounting for temporal variation in target attractiveness.,No consideration of temporal variation in target attractiveness.,"Findings may not generalize to other contexts or populations due to the specific focus on Tampa, Florida, and reliance on arrest data.","Findings are specific to the context of Tampa, Florida, and may not apply to other cities or regions.",Inability to account for different land uses or temporal variations limits comparisons across contexts or time periods.
28,"(Curtis-Ham et al., 2022a)",2022,1.41,0.14921911265537988,19,19,New Zealand,Other,Burglary,Statistical Area,4,2021-2025,TRUE,"SA2s were chosen for their comparability to units used in other studies and to balance theoretical relevance, spatial spill-over, spatial heterogeneity, and computational processing.","""SA2s are comparable to the units used in other neighbourhood level DSCM studies (e.g., Clare et al. 2009;Townsley et al. 2015).""",Practical Constraint,Medium (11-20),5,3,4,6,2,4,TRUE,TRUE,TRUE,TRUE,TRUE,8,Extensive Limitations (>6),TRUE,TRUE,TRUE,TRUE,TRUE,TRUE,TRUE,TRUE,TRUE,TRUE,TRUE,Specified,Specified,Use of SA2s as spatial units.,0,4,FALSE,FALSE,FALSE,FALSE,"The data is a sample of each offender's true population of activity locations, indicating potential issues with data completeness and reliability.","Not all family members' addresses are recorded, and employment and education records are rare.","Crime and victimization locations depend on police reporting, which may not be comprehensive.",Lack of association between certain nodes and crimes suggests measurement issues or limitations in how these variables were defined or measured.,Not mentioned.,The results are likely to generalize to low population density jurisdictions but may not apply to other contexts.,The findings are specific to New Zealand's low population density context.,"The study does not compare across different contexts or time periods, limiting its ability to generalize findings."
29,"(Song et al., 2019)",2019,1.62,0.20951501454263097,27,27,China,Other,Theft,Other,4,2016-2020,TRUE,"Census units were chosen for their similarity in size to previous studies, equal size, and homogeneity in population composition, aligning with theoretical and methodological considerations.","""because census units have a size similar to those in comparable studies, because census units are approximately equally sized, and because in the study area they are relatively homogenous in terms of population composition.""",Theory-Method,High (21-30),4,3,0,12,4,8,TRUE,FALSE,TRUE,TRUE,TRUE,8,Extensive Limitations (>6),TRUE,TRUE,TRUE,TRUE,TRUE,TRUE,TRUE,TRUE,FALSE,FALSE,TRUE,Not Specified,Not Specified,Not explicitly mentioned.,1,5,TRUE,FALSE,FALSE,FALSE,Exclusion of cases due to lack of geographic detail.,Exclusion of February data due to Chinese Spring Festival.,Use of data from only one mobile phone network provider.,Exclusion of co-offending groups.,Analysis only on weekdays; ignoring temporal variation.,"The findings might be applicable to other countries, but this is tentative and requires further research.","The study is conducted in a specific Chinese context, which might not be directly comparable to other settings.",The study is limited to theft from the person and does not explore other types of crimes.
30,"(Long et al., 2021)",2021,1.62,0.20951501454263097,31,31,China,Other,Robbery,Neighborhood,4,2021-2025,TRUE,Communities are used as spatial units likely due to administrative relevance and data availability.,Not explicitly stated,Data Availability,Very High (>30),5,7,5,9,5,5,TRUE,TRUE,TRUE,TRUE,TRUE,8,Extensive Limitations (>6),TRUE,TRUE,TRUE,TRUE,TRUE,TRUE,TRUE,TRUE,FALSE,FALSE,TRUE,Not Specified,Not Specified,"The study uses community-level data, suggesting that future research should consider similar spatial scales for analyzing crime location choice.",0,4,FALSE,FALSE,FALSE,FALSE,"Only 7860 out of 11,455 arrest records had a home address in the city.",Random selection of one robber to represent multiple robbers in some cases.,Relies on arrest records from the ZG Municipal Public Security Bureau.,Use of mobile phone data to measure ambient population.,Data from 2012 to 2016.,The study's findings are specific to ZG City and may not generalize to other urban areas.,The study is conducted in a specific urban context in China with unique characteristics such as rapid urbanization.,The study does not provide a direct comparison with other cities or regions.
31,"(Long & Liu, 2021)",2021,1.62,0.20951501454263097,33,33,China,Other,Robbery,Neighborhood,4,2021-2025,TRUE,"The spatial units are neighborhoods, likely chosen due to data availability and administrative convenience.",NA,Not specified,Very High (>30),5,8,3,12,1,9,TRUE,TRUE,TRUE,TRUE,TRUE,8,Extensive Limitations (>6),TRUE,TRUE,TRUE,TRUE,TRUE,TRUE,TRUE,TRUE,FALSE,FALSE,TRUE,Not Specified,Not Specified,Not explicitly mentioned.,0,4,FALSE,FALSE,FALSE,FALSE,Exclusion of data due to residence outside the study area or unknown residence.,Unavailability of data on family disruption and poverty.,Use of 'pinyin' codes for place names due to confidentiality agreements.,Potential oversimplification in measuring journey to crime distances.,Data limited to 2012-2016.,The study is specific to ZG City and may not be representative of other cities or countries.,Findings are specific to the context of ZG City and the Hukou system.,The study does not provide comparisons across different cities or regions.
32,"(Long & Liu, 2022)",2022,1.62,0.20951501454263097,18,18,China,Other,Robbery,Neighborhood,3,2021-2025,TRUE,"Neighborhood units used as spatial scale, but specific reasons not detailed.",Not specified,Not specified,Medium (11-20),5,4,2,5,3,4,TRUE,TRUE,TRUE,TRUE,TRUE,7,Extensive Limitations (>6),TRUE,TRUE,TRUE,TRUE,FALSE,TRUE,TRUE,TRUE,FALSE,FALSE,FALSE,Not Specified,Not Specified,NA,0,3,FALSE,FALSE,FALSE,FALSE,Confidentiality of data may limit verification or sharing.,"Additional attributes of offenders (e.g., household registration, socioeconomic status) are not included.",Confidential data may restrict access or sharing.,Odds ratios in models are not as high as desired.,NA,Limited to a large Chinese city; may not generalize to other contexts or countries.,"Findings are specific to the Chinese context, particularly in terms of social disorganization and routine activity nodes.",Focus on street robbery in a specific Chinese context; not directly comparable to other crime types or contexts.
33,"(Long et al., 2018)",2018,1.62,0.20951501454263097,39,39,China,Other,Robbery,Neighborhood,3,2016-2020,TRUE,Administrative convenience and data availability,Not explicitly provided,Data Availability,Very High (>30),5,6,3,14,2,14,TRUE,TRUE,TRUE,TRUE,TRUE,8,Extensive Limitations (>6),TRUE,TRUE,TRUE,TRUE,TRUE,TRUE,TRUE,TRUE,TRUE,FALSE,TRUE,Specified,Not Specified,Not explicitly mentioned.,1,4,TRUE,FALSE,FALSE,FALSE,Difficulty in accessing crime data in China.,Omission of un-arrested robbers.,Reliance on official police data.,None explicitly mentioned.,None mentioned.,Findings may not be fully generalizable to other contexts due to unique Chinese social structure and spatial form.,"Findings are specific to ZG City, China, and may not apply universally due to differences in social cohesion and policing strategies.","The study's context is specific to China, limiting comparisons with Western countries due to differences in social structure and policing."
34,"(Menting, 2018)",2018,1.68,0.22530928172586284,24,24,Netherlands,Other,Multiple/Mixed Crime Types,Postal Code,4,2016-2020,TRUE,"Four-digit postal code areas were chosen because they are familiar to residents and visitors, making them suitable for analyzing crime location choice.","""These postal codes are therefore well suited for a crime location choice study, because most people will be familiar with these areas when living there or (frequently) visiting the area.""",Theory-Method,High (21-30),5,8,1,2,4,9,TRUE,TRUE,TRUE,TRUE,TRUE,8,Extensive Limitations (>6),TRUE,TRUE,TRUE,TRUE,TRUE,TRUE,TRUE,TRUE,FALSE,TRUE,TRUE,Not Specified,Specified,Smaller spatial units may better fit theoretical models.,1,5,FALSE,FALSE,FALSE,TRUE,Not explicitly mentioned.,No data available to precisely map awareness spaces of individual offenders.,Use of four-digit postal codes may be too large for theoretical models.,Study did not include other types of criminal opportunity.,Not explicitly mentioned.,"Limited to three municipalities in the greater The Hague area in the Netherlands; may not be representative of other areas, especially rural ones.",Findings may not be applicable to rural areas.,"Mechanisms may differ between countries, indicating a potential limitation in comparative validity across different national contexts."
35,"(Curtis-Ham et al., 2022b)",2022,1.962,0.2926990030439297,14,14,New Zealand,Other,Burglary,Statistical Area,3,2021-2025,TRUE,"SA2s were chosen because they are comparable to units used in other crime location choice studies, indicating a basis in prior research and methodological consistency.","""SA2s are comparable to the units used in other crime location choice studies""",Prior Research,Medium (11-20),4,0,4,5,1,4,FALSE,TRUE,TRUE,TRUE,TRUE,8,Extensive Limitations (>6),TRUE,TRUE,TRUE,TRUE,TRUE,TRUE,TRUE,TRUE,TRUE,TRUE,TRUE,Specified,Specified,Use larger datasets with more variables and granular spatial units.,2,5,TRUE,TRUE,FALSE,FALSE,Results may only generalize to identified offenders; data from solved cases may not represent all offenders.,Not all activity nodes of all offenders are included.,Data only includes solved cases.,None explicitly mentioned.,None mentioned.,"The findings may only apply to offenders who have been identified and proceeded against, and are limited by a single data source and country.",The findings are specific to the New Zealand context.,The study does not provide direct comparisons across different contexts or time periods.
36,"(Townsley et al., 2015)",2015,2.04,0.3096301674258988,14,14,United Kingdom,Anglo-Saxon,Burglary,Statistical Area,4,2011-2015,TRUE,"Spatial units chosen based on equivalence in size of burglar population and number of targets for UK context, likely due to data availability and administrative convenience.","""Study regions and their associated choice set geographies (NL-neighborhoods, UK-Super Output Areas [medium layer], AU-Statistical Local Areas) were selected based on equivalence in size of the known burglar population, number of targets (households) within each area, and total number of areas in a study region. (UK context - Super Output Areas)""",Data Availability,Medium (11-20),5,2,1,4,4,3,TRUE,TRUE,TRUE,TRUE,TRUE,7,Extensive Limitations (>6),TRUE,TRUE,TRUE,TRUE,FALSE,TRUE,TRUE,TRUE,TRUE,TRUE,TRUE,Specified,Specified,Use consolidated models for statistical comparisons across different environments.,1,5,TRUE,FALSE,FALSE,FALSE,"Relies solely on cleared offense data, which may not accurately represent all criminal activity.",Indicator of ethnic heterogeneity unavailable for UK and Australia.,Police-recorded crime data may have nonprobabilistic sampling issues.,Assumption that crime trips originate from an offender's residence may not always be accurate.,NA,Limited by reliance on cleared offense data and assumptions about crime trip origins; need for more study regions.,"Findings specific to Birmingham, UK context due to differences in target densities and Super Output Area characteristics.",Differences in measurement precision and data availability limit comparative analyses; constrained by lowest common denominator of data.
37,"(Kuralarasan & Bernasco, 2022)",2022,2.18,0.33845649360460484,20,20,India,Other,Theft,Administrative District,4,2021-2025,TRUE,Wards were used as they are comparable to units used in other crime location studies.,"""In terms of surface area, the wards are similar in size to neighborhoods or census tracts that have been used in crime location studies elsewhere""",Prior Research,Medium (11-20),4,4,0,8,6,2,TRUE,FALSE,TRUE,TRUE,TRUE,8,Extensive Limitations (>6),TRUE,TRUE,TRUE,TRUE,TRUE,TRUE,TRUE,TRUE,FALSE,TRUE,TRUE,Not Specified,Specified,Analyze the impact of spatial units on findings systematically.,1,5,TRUE,FALSE,FALSE,FALSE,Police-recorded thefts grossly underestimate real numbers due to low reporting rates.,Data on snatching offenses only reflect a small fraction of actual offenses due to underreporting.,Police-recorded data may not accurately represent true crime situation.,Google Earth data do not differentiate facilities by size.,Study does not account for temporal variations in crime frequencies or location preferences.,High underreporting and potential selectivity jeopardize generalizations; findings may not be representative of all snatching incidents.,Findings are specific to Chennai City; need for replication in other contexts.,Need for replication in other contexts; operationalization of crime generators and attractors in non-western cultures is a challenge.
38,"(S. van Sleeuwen et al., 2021)",2021,2.63,0.41995574848975786,18,18,Netherlands,Other,Multiple/Mixed Crime Types,Neighborhood,3,2021-2025,TRUE,"Neighbourhoods were chosen due to spatial accuracy and data availability, aligning with the study's theoretical framework","Not explicitly quoted, but implied by spatial accuracy and data availability",Theory-Method,Medium (11-20),3,0,0,10,3,5,FALSE,FALSE,TRUE,TRUE,TRUE,8,Extensive Limitations (>6),TRUE,TRUE,TRUE,TRUE,TRUE,TRUE,TRUE,TRUE,TRUE,TRUE,TRUE,Specified,Specified,Use detailed spatial scales such as neighborhoods to analyze crime patterns.,2,5,FALSE,TRUE,FALSE,TRUE,Uncertainty in recall accuracy from respondents' memory.,Small sample size of 71 offences.,"Data sourced from police register data, potentially not representative of broader offender population.",Retrospective survey with potential memory recall issues.,Tentative conclusions due to small sample size and potential selection bias.,Findings may not generalize to broader offender population or other regions.,Findings specific to minor offences and offenders in western Netherlands.,Limited to specific context; no comparison across different contexts or time periods.
39,"(Menting et al., 2020)",2020,2.63,0.41995574848975786,21,21,Netherlands,Other,Theft,Neighborhood,4,2016-2020,TRUE,"Neighbourhoods were chosen due to data availability from Statistics Netherlands and their homogeneous character, which aligns with the theoretical framework.","""Dutch neighbourhoods are the smallest statistical units for which Statistics Netherlands provides detailed information on structural and socio-economic features.""",Theory-Method,High (21-30),5,5,2,5,4,5,TRUE,TRUE,TRUE,TRUE,TRUE,8,Extensive Limitations (>6),TRUE,TRUE,TRUE,TRUE,TRUE,TRUE,TRUE,TRUE,TRUE,TRUE,TRUE,Specified,Specified,The study suggests using more detailed spatial units to capture awareness spaces and travel paths.,2,6,TRUE,TRUE,FALSE,FALSE,Accuracy of reported information not always certain; difficulties in remembering details.,Online survey may not have captured all activity nodes; less important or less frequently visited nodes underreported.,Online survey limitations in capturing all relevant data.,Average visiting frequencies may not accurately reflect the time of the offence.,Concerns about accuracy of recalled information over a three-year period.,Limited to young adults and those known to the police; findings may not apply to all offenders.,Findings specific to young adult offenders in urban areas in the western part of the Netherlands.,No direct comparisons across different contexts or time periods.
40,"(Xiao et al., 2021)",2021,2.74,0.437750562820388,21,21,China,Other,Burglary,Neighborhood,4,2021-2025,TRUE,Communities were chosen due to their homogeneous population and consistency with other studies.,"""Communities have a relatively homogeneous population and their average size is 2.74 km-sq., which closely resembles the size of the units of analysis in many other crime location choice studies (e.g., Menting et al., 2016).""",Data Availability,High (21-30),5,5,4,4,3,5,TRUE,TRUE,TRUE,TRUE,TRUE,7,Extensive Limitations (>6),TRUE,TRUE,TRUE,FALSE,TRUE,TRUE,TRUE,TRUE,FALSE,FALSE,TRUE,Not Specified,Not Specified,Consider the impact of physical and social barriers at various scales.,1,5,TRUE,FALSE,FALSE,FALSE,"Limited to arrested burglars, which may not represent all burglars.",Lack of direct income level data; substituted with indirect measures.,Temporal mismatch between census data (2010) and burglary data (2012-2016).,NA,Temporal mismatch affects social barrier and control variables.,The findings are specific to arrested burglars in ZG city and may not generalize to all burglars in the city or to other contexts.,"The study's findings are specific to the Chinese context, particularly the distinction between local residents and domestic migrant workers.","The study uses census data from 2010 for analysis of data from 2012 to 2016, introducing a temporal mismatch that limits comparisons across time periods."
41,"(Yue et al., 2023)",2023,2.81,0.4487063199050799,31,31,China,Other,Theft,Neighborhood,4,2021-2025,TRUE,Communities are used as spatial units likely due to their relevance for socioeconomic analysis and residence-crime proximity.,Not explicitly stated,Not specified,Very High (>30),5,2,2,20,1,6,TRUE,TRUE,TRUE,TRUE,TRUE,8,Extensive Limitations (>6),TRUE,TRUE,TRUE,TRUE,TRUE,TRUE,TRUE,TRUE,FALSE,FALSE,TRUE,Not Specified,Not Specified,Focus on community-level analysis.,1,5,TRUE,FALSE,FALSE,FALSE,SVIs are static and cannot capture dynamic changes in on-street population.,"Small objects like broken windows, litter, and graffiti are not accounted for.",SVIs are limited by their static nature.,Uniform alternative set for offenders may not reflect individual preferences.,SVIs cannot capture temporal changes in on-street population.,"The findings are generally aligned with previous studies, but the study's focus on a specific city in China may limit generalizability to other contexts.","The study's findings are specific to the context of ZG city, and the use of Baidu Street View images may not be applicable in other regions where such data is not available or is less detailed.","The study does not compare across different cities or time periods, which could provide insights into how findings vary in different contexts."
42,"(Lammers et al., 2015)",2015,2.96,0.4712917110589386,23,23,Netherlands,Other,Multiple/Mixed Crime Types,Postal Code,4,2011-2015,TRUE,"Four-digit postal code areas are used because they are considered a familiar scale for individuals and match urbanization patterns, making them appropriate for studying crime location choices.","""A four-digit postal code area is a useful and plausible indication of the area people are expected to be familiar with when for instance living in or (regularly) visiting that area because 1) Dutch postal code areas are designed to have minimal travel restrictions for postal delivery services usually traveling on foot or bicycle, and 2) the size of a postal code area is inversely related to its level of urbanization that matches the geographic coverage of residents.""",Theory-Method,High (21-30),5,3,6,7,2,5,TRUE,TRUE,TRUE,TRUE,TRUE,8,Extensive Limitations (>6),TRUE,TRUE,TRUE,TRUE,TRUE,TRUE,TRUE,TRUE,FALSE,TRUE,TRUE,Not Specified,Specified,The study suggests using larger areas to increase generalizability.,1,5,TRUE,FALSE,FALSE,FALSE,Detection bias due to reliance on cleared offense data.,Crimes committed outside the study area not accounted for.,"Limited to greater The Hague area, largely urban.",Four-digit postal code areas may be too large.,Not explicitly mentioned.,"Findings might not generalize to other regions, especially rural areas.",Findings are specific to the greater The Hague area.,No basis for comparison across different contexts or time periods.
43,"(Lammers, 2017)",2017,2.96,0.4712917110589386,26,26,Netherlands,Other,Burglary,Postal Code,4,2016-2020,TRUE,"Chosen due to design for minimal travel restrictions, making them practical and convenient for analysis.","""Since the four-digit postal code areas were designed to have minimal travel restrictions for postal delivery services travelling by bike or foot (Bernasco 2010b), it is plausible that those living in or frequently visiting such an area will be familiar with it.""",Data Availability,High (21-30),5,4,5,9,3,5,TRUE,TRUE,TRUE,TRUE,TRUE,8,Extensive Limitations (>6),TRUE,TRUE,TRUE,TRUE,TRUE,TRUE,TRUE,TRUE,TRUE,FALSE,TRUE,Specified,Not Specified,Study larger areas to generalize findings.,0,4,FALSE,FALSE,FALSE,FALSE,Police arrest data may over-represent co-offending; data biased due to differences between arrested and non-arrested offenders.,Lack of data on non-arrested offenders; potential overestimation of shared awareness space.,Reliance on police arrest data; only includes cleared offenses.,Awareness space measured using only home and crime locations; misses other areas like work or school.,Study limited to crimes between 2006 and 2009.,"Limited to the greater The Hague region, which restricts generalizability to other areas.",Findings are specific to the greater The Hague region and may not apply elsewhere.,No direct comparisons across different contexts or time periods.
44,"(Menting et al., 2016)",2016,2.96,0.4712917110589386,31,31,Netherlands,Other,Multiple/Mixed Crime Types,Postal Code,4,2016-2020,TRUE,"The spatial units were chosen because they are familiar to residents and visitors, aligning with the study's focus on awareness spaces.","""The four-digit postal areas are therefore perfectly suited for a crime location choice study because most people will be familiar with these areas when living there or (frequently) visiting the area.""",Theory-Method,Very High (>30),5,7,8,5,1,10,TRUE,TRUE,TRUE,TRUE,TRUE,8,Extensive Limitations (>6),TRUE,TRUE,TRUE,TRUE,TRUE,TRUE,TRUE,TRUE,TRUE,TRUE,TRUE,Specified,Specified,Research should be conducted in larger geographical areas.,0,4,FALSE,FALSE,FALSE,FALSE,Indirect measurement of awareness spaces based on family visits.,No direct data on offenders' time spent in family members' areas.,Reliance on register data without direct activity measures.,Awareness spaces not directly measured.,No consideration of changes in awareness spaces over time.,Findings may not generalize to other geographical areas or populations due to the specific urban context.,Findings are specific to the urban context of The Hague.,The study does not allow for comparisons across different crime types or contexts.
45,"(S. E. M. van Sleeuwen et al., 2018)",2018,2.96,0.4712917110589386,27,27,Netherlands,Other,Multiple/Mixed Crime Types,Postal Code,4,2016-2020,TRUE,"Four-digit postal code areas were chosen because they are well-suited for crime location choice research, providing a practical and familiar scale for analysis.","""In previous studies, it was argued that four-digit postal code areas are well-suited for crime location choice research, as these administrative areas were constructed in such a way to have minimal travel restrictions for postal delivery services that usually travel on foot or bicycle.""",Practical Constraint,High (21-30),5,3,5,1,5,13,TRUE,TRUE,TRUE,TRUE,TRUE,8,Extensive Limitations (>6),TRUE,TRUE,TRUE,TRUE,TRUE,TRUE,TRUE,TRUE,FALSE,TRUE,FALSE,Not Specified,Specified,NA,2,6,TRUE,TRUE,FALSE,FALSE,Detection bias due to reliance on police data.,Data on nonarrested offenders.,Police data may not capture all crimes.,Assumption of learning from previous experiences not explicitly tested.,Potential issues with temporal resolution of crime timing.,The findings may not generalize to nonarrested offenders due to potential differences in the probability of arrest.,"The study's findings are based on data from the Netherlands, which may have specific cultural, legal, or environmental factors.",The study does not provide direct comparisons across different contexts or time periods.
46,"(Bernasco, 2010a)",2010,2.96,0.4712917110589386,30,30,Netherlands,Other,Multiple/Mixed Crime Types,Postal Code,4,2003-2010,TRUE,Postal code areas are used because they are a practical and data-rich scale that reflects local familiarity and travel patterns,"""In terms of their size, shape, and topography, the postal code area is a useful approximation of the area one would expect people to be familiar with if they lived within it.""",Data Availability,High (21-30),4,10,2,0,3,15,TRUE,TRUE,FALSE,TRUE,TRUE,8,Extensive Limitations (>6),TRUE,TRUE,TRUE,TRUE,TRUE,TRUE,TRUE,TRUE,FALSE,FALSE,TRUE,Not Specified,Not Specified,Use more detailed data on activity patterns.,2,6,TRUE,TRUE,FALSE,FALSE,Missing information on past home addresses could lead to conservative estimates.,Residential histories for some offenders could only be reconstructed for the last 2 years; exclusions due to missing data on past addresses.,Reliable records of previous addresses are a strength but not common in other countries.,Use of postal code areas as a proxy for familiarity.,Data availability limited to 1994 onward.,Limited to the Netherlands; may not generalize to other countries or contexts.,Findings specific to the Netherlands.,No direct comparisons across contexts or time periods.
47,"(Bernasco, 2010b)",2010,2.96,0.4712917110589386,16,16,Netherlands,Other,Burglary,Postal Code,4,2003-2010,TRUE,The spatial units were chosen to match the theory being tested and to follow recommendations for smaller units to better understand constituting elements and their relationships.,"""The main criterion for choosing a particular unit of analysis is the theory to be tested. The unit of analysis should match the theory.""",Theory-Method,Medium (11-20),5,3,2,2,5,4,TRUE,TRUE,TRUE,TRUE,TRUE,8,Extensive Limitations (>6),TRUE,TRUE,TRUE,TRUE,TRUE,TRUE,TRUE,TRUE,FALSE,TRUE,TRUE,Not Specified,Specified,Use small spatial units like postal code areas for future research.,0,4,FALSE,FALSE,FALSE,FALSE,Selective sample of cleared cases may introduce bias.,Uncleared cases are not included in the analysis.,Limited data on postal code attributes.,Spatial competition model limitations in capturing environmental impacts.,Data from 2002-2007 may not reflect current trends.,Limited by geographic specificity to the Greater The Hague area.,Findings specific to the Greater The Hague area and its spatial dynamics.,Inability to compare across different contexts or time periods.
48,"(Bernasco & Kooistra, 2010)",2010,2.96,0.4712917110589386,19,19,Netherlands,Other,Robbery,Postal Code,3,2003-2010,TRUE,"Postal code areas are chosen because they represent familiar areas for residents, consistent with crime pattern theory.","""In terms of size, shape and topography, the postal code area is a useful spatial unit of analysis because it approximates the area one would expect people to be familiar with if they lived within it.""",Theory-Method,Medium (11-20),5,5,2,2,2,8,TRUE,TRUE,TRUE,TRUE,TRUE,8,Extensive Limitations (>6),TRUE,TRUE,TRUE,TRUE,TRUE,TRUE,TRUE,TRUE,TRUE,FALSE,TRUE,Specified,Not Specified,Explore other spatial scales or units for analysis.,1,4,FALSE,TRUE,FALSE,FALSE,Inaccuracies in residential addresses in the GBA system; data unreliability masking real effects.,Limited sample size.,GBA system inaccuracies in reflecting current residences.,Approximation of 'awareness space' by residential experience.,Focus on 2004 and 2005.,Findings may not generalize to other types of crimes or geographical contexts.,Findings are specific to commercial robberies in the Netherlands.,No direct comparisons across different contexts or time periods.
49,"(Clare et al., 2009)",2009,6.7,0.8260748027008264,23,23,Australia,Anglo-Saxon,Burglary,Other,4,2003-2010,TRUE,Suburbs were chosen due to their alignment with administrative units and available data in Western Australia,"Not explicitly stated, but implied due to administrative convenience and data availability",Data Availability,High (21-30),5,8,3,5,5,2,TRUE,TRUE,TRUE,TRUE,TRUE,7,Extensive Limitations (>6),TRUE,TRUE,TRUE,TRUE,FALSE,TRUE,TRUE,TRUE,TRUE,TRUE,TRUE,Specified,Specified,Use more uniform areas for analysis.,1,5,FALSE,TRUE,FALSE,FALSE,Low detection rate may have influenced outcomes in a nonrandom way.,Unique identification of offenders was not possible.,Exclusion of suburbs outside Perth metropolitan area.,Model may not fully account for unconscious routine behaviors.,NA,Exclusion of suburbs outside Perth metropolitan area limits generalizability.,"Findings are specific to Perth, Western Australia.",Spatial scale selection may not be applicable across different cities.
50,"(Townsley et al., 2015)",2015,8.48,0.9283958522567138,14,14,Australia,Anglo-Saxon,Burglary,Other,4,2011-2015,TRUE,"Spatial units chosen based on equivalence in size of burglar population and number of targets for Australia context, likely due to data availability and administrative convenience.","""Study regions and their associated choice set geographies (NL-neighborhoods, UK-Super Output Areas [medium layer], AU-Statistical Local Areas) were selected based on equivalence in size of the known burglar population, number of targets (households) within each area, and total number of areas in a study region. (Australia context - Statistical Local Areas)""",Data Availability,Medium (11-20),5,2,1,4,4,3,TRUE,TRUE,TRUE,TRUE,TRUE,7,Extensive Limitations (>6),TRUE,TRUE,TRUE,TRUE,FALSE,TRUE,TRUE,TRUE,TRUE,TRUE,TRUE,Specified,Specified,Use consolidated models for statistical comparisons across different environments.,1,5,TRUE,FALSE,FALSE,FALSE,"Relies solely on cleared offense data, which may not accurately represent all criminal activity.",Indicator of ethnic heterogeneity unavailable for UK and Australia.,Police-recorded crime data may have nonprobabilistic sampling issues.,Assumption that crime trips originate from an offender's residence may not always be accurate.,NA,Limited by reliance on cleared offense data and assumptions about crime trip origins; need for more study regions.,"Findings specific to Brisbane, Australia context due to differences in target densities and Statistical Local Area characteristics.",Differences in measurement precision and data availability limit comparative analyses; constrained by lowest common denominator of data.
51,"(Townsley et al., 2016)",2016,8.48,0.9283958522567138,11,11,Australia,Anglo-Saxon,Burglary,Other,4,2016-2020,TRUE,SLAs were used due to data availability from the ABS census.,Not explicitly stated,Data Availability,Medium (11-20),4,4,2,2,3,0,TRUE,TRUE,TRUE,TRUE,FALSE,8,Extensive Limitations (>6),TRUE,TRUE,TRUE,TRUE,TRUE,TRUE,TRUE,TRUE,FALSE,FALSE,TRUE,Not Specified,Not Specified,Smaller spatial units or scales might be more effective in future work.,1,5,FALSE,FALSE,FALSE,TRUE,Recorded crime data only reflects cleared residential burglaries.,Assumption that all offending trips originate from an offender's home location due to lack of nuanced data.,Measures of affluence and social cohesion derived from secondary data sources.,Use of median housing repayment and residential turnover as proxies.,No account for changes over time in offender preferences or behavioral rules.,Specific to Brisbane; use of secondary data sources may limit generalizability.,"Findings specific to Brisbane, Australia, during the study period.",Limited to Brisbane; mixed logit model may not be directly comparable to other studies.
