study_id,filename,title,year,country,city,study_area_size,study_area_description,crime_type,crime_types_all,study_period,data_sources,suoa_type,suoa_size,suoa_description,num_units,population_per_unit,suoa_justification,study_design,statistical_method,model_type,software_used,sampling_approach,sample_size,choice_set_definition,estimation_method,main_results,significant_predictors,model_performance,scale_effects,variable_info_quality,missing_information,extraction_confidence,distance_access,infrastructure,economic,land_use,other,social_behavioral,environmental,demographic,temporal_control,all_variables,total_variables_count,vars_distance_access,vars_infrastructure,vars_economic,vars_land_use,vars_other,vars_social_behavioral,vars_environmental,vars_demographic,vars_temporal_control
14,14_target_choice_during_extreme_events_a_discrete_sp.pdf,TARGET CHOICE DURING EXTREME EVENTS: A DISCRETE SPATIAL CHOICE MODEL OF THE 2011 LONDON RIOTS,2013,United Kingdom,London,NA,London during the 2011 riots,Riot-related incidents,Riot-related incidents,August 2011,Police data for riot-related incidents,U.K. census Lower Super Output Areas (LSOAs),NA,LSOAs in Greater London,"4,765",NA,NA,Cross-sectional,Random utility model,Discrete choice model,STATA 10 SE,NA,"2,299 records",NA,Maximum likelihood,Rioters tend to target areas close to their home locations and those with routine activity nodes and transport hubs.,"Propinquity, presence of schools, presence of underground stations, previous offenses in the area.",Pseudo R-squared values range from .31 to .36.,NA,Complete,Some details about spatial unit size and justification for SUoA choice are not specified.,High,2,0,1,2,1,2,0,2,1,Population churn rate; Ethnic diversity; Deprivation (Index of Multiple Deprivation); Presence of schools; Presence of retail facilities; Distance from city center; Distance from home location; Previous offenses in the area; Contagion (previous unrest); Time of day (not explicitly mentioned but implied in the context of the study); Presence of underground stations,11,Distance from city center; Distance from home location,,Deprivation (Index of Multiple Deprivation),Presence of schools; Presence of retail facilities,Presence of underground stations,Previous offenses in the area; Contagion (previous unrest),,Population churn rate; Ethnic diversity,Time of day (not explicitly mentioned but implied in the context of the study)
49,49_formal_evaluation_of_the_impact_of_barriers_and_connectors.pdf,Formal Evaluation of the Impact of Barriers and Connectors on Residential Burglars' Macro-Level Offending Location Choices,2009,Australia,Perth,NA,City of Perth,Residential burglary,Residential burglary,2001-2002,Western Australian Police,Residential suburbs,NA,291 residential suburbs in Perth,291,NA,NA,Cross-sectional,Conditional logit model,Discrete spatial choice model,NA,NA,"1,761 single-offender residential burglaries",291 residential suburbs,Maximum likelihood,NA,NA,NA,NA,Complete,NA,High,3,3,3,0,0,0,0,5,0,Age; Indigenous status; Sex; Success — Transience; Success — Ethnic heterogeneity; Affluence; SEIFA index; Success — Rent; Residential units; Barrier — River; Barrier — Road; Connector — Train; Distance — Adults; Distance — Juveniles,14,Connector — Train; Distance — Adults; Distance — Juveniles,Residential units; Barrier — River; Barrier — Road,Affluence; SEIFA index; Success — Rent,,,,,Age; Indigenous status; Sex; Success — Transience; Success — Ethnic heterogeneity,
41,41_investigating_the_effect_of_people_on_the_street.pdf,Investigating the effect of people on the street and streetscape physical environment on the location choice of street theft crime offenders using street view images and a discrete spatial choice model,2023,China,ZG City,NA,Inner city of ZG,Street theft crime,"Street theft crime (snatching, pickpocketing, theft from the person)",2017-2018,"Baidu Street View images, police department data",Community,NA,Communities in ZG city,1636,NA,NA,Cross-sectional,Discrete spatial choice model,Conditional logit model,NA,NA,1540 crimes,NA,Maximum likelihood,"The number of people on the street, fences, plants, and proximity to offenders' homes significantly influence crime location choices.","Number of people on the street, fences, plants, grasses, sidewalks, proximity.",NA,NA,Complete,"Study area size, population per unit, justification for SUoA choice, software used, sampling approach, choice set definition.",High,3,2,2,3,4,0,5,1,0,Percent migrants; Percent low-rent houses; Economic variables; ATM and banks; Schools; Hospitals; Percent fence; Percent wall; Proximity (distance from offender's residence); Proximity; Distance/accessibility variables; Number of people on the street; Percent window; Percent grass; Percent plant; Percent sidewalk; Bus stops; Subway stations; Guard stations; Demographic variables,20,Proximity (distance from offender's residence); Proximity; Distance/accessibility variables,Percent fence; Percent wall,Percent low-rent houses; Economic variables,ATM and banks; Schools; Hospitals,Bus stops; Subway stations; Guard stations; Demographic variables,,Number of people on the street; Percent window; Percent grass; Percent plant; Percent sidewalk,Percent migrants,
51,51_target_selection_models_with_preference_variation.pdf,Target Selection Models with Preference Variation Between Offenders,Not specified in the provided text,Australia,Brisbane,Not specified in the provided text,Brisbane Local Government Area,Residential burglary,Residential burglary,2006-2009,Australian Bureau of Statistics (ABS) 2006 Census,Statistical Local Area (SLA),Not specified in the provided text,Defined as possible offending areas,158 SLAs,Not specified in the provided text,Not specified in the provided text,Not specified in the provided text,Mixed logit model,Mixed logit model,R using the RSGHB package,Not specified in the provided text,"2,844 detected residential burglaries",Defined as 158 SLAs,Hierarchical Bayes,Considerable preference variation between offenders; mixed logit model provides a better fit than conditional logit model.,"Proximity to offender's home and city center, residential mobility.",Mixed logit model showed a fivefold increase in fit over the conditional logit model.,Not specified in the provided text,Partial,"Journal name, publication year, DOI, filename, study area size, population per unit, justification for SUoA choice, some variable categories not specified.",Medium,2,1,1,0,0,0,0,2,0,Number of households; Residential mobility; Mean housing repayment; Proportion of single-family dwellings; Proximity to city center; Proximity,6,Proximity to city center; Proximity,Proportion of single-family dwellings,Mean housing repayment,,,,,Number of households; Residential mobility,
48,48_effects_of_residential_history_on_commercial_robbe.pdf,Effects of residential history on commercial robbers' crime location choices,NA,Netherlands,NA,NA,Postal code areas in the Netherlands,Commercial robberies,Commercial robberies,2004 and 2005,"National Commercial Robbery Registration System (LORS), Nationwide Citizen Information System (GBA), database of demographic, social, and economic information on postal code areas",Postal code areas,Average population size of 4900 and average number of households of 2100,Postal code areas in the Netherlands,4006,Average population size of 4900,NA,Cross-sectional,Conditional logit model,Conditional logit,NA,Selection of solitary offenders,276 robberies,Comparison of targeted and non-targeted postal code areas,Maximum likelihood,NA,NA,NA,NA,NA,NA,NA,2,1,0,1,3,1,0,4,1,Population density; Age structure; Gender ratios; Household composition; Commercial area; Total floor area of retail businesses; Distance to the nearest highway ramp; Distance from offender's residence to crime location; Residential history (duration and recency); Time since last residence change; Mean value of residential property; Residential density; Target density,13,Distance to the nearest highway ramp; Distance from offender's residence to crime location,Total floor area of retail businesses,,Commercial area,Mean value of residential property; Residential density; Target density,Residential history (duration and recency),,Population density; Age structure; Gender ratios; Household composition,Time since last residence change
45,45_a_time_for_a_crime_temporal_aspects_of_repeat_off.pdf,A Time for a Crime: Temporal Aspects of Repeat Offenders' Crime Location Choices,2018,Netherlands,The Hague,NA,Greater The Hague area,NA,NA,2006 to 2009,"Dutch Suspect Identification System, nationwide citizen information system (BRP)",Four-digit postal code areas,NA,142 different four-digit postal code areas in The Hague,142,NA,NA,Cross-sectional,Discrete spatial choice models,Conditional logit model,NA,NA,"12,639 offenses",NA,Maximum likelihood,Offenders are more likely to return to previously targeted areas at similar times and days.,Timing of crime within the week and day,Pseudo R² of .32,NA,Partial,Some information not specified,Medium,1,0,0,0,0,0,0,0,1,Proximity; Temporal variables,2,Proximity,,,,,,,,Temporal variables
46,46_a_sentimental_journey_to_crime_effects_of_reside.pdf,A Sentimental Journey to Crime: Effects of Residential History on Crime Location Choice,2010,Netherlands,Greater The Hague,NA,NA,"Robberies, residential burglaries, thefts from vehicles, assaults","Robberies, residential burglaries, thefts from vehicles, assaults",2004-2005,"Police information system, population registration data, national database of demographic, social, and economic information",Postal code areas,NA,Postal code areas used as spatial units for analysis,"Approximately 4,000","Average population size of 4,900","Postal code boundaries designed with post delivery services in mind, ensuring minimal physical restrictions on travel within the area",Cross-sectional,Discrete choice model,Conditional logit model,NA,"Random sample of 4,410 persons arrested in 2004 or 2005","3,784 individuals used in the analysis",NA,Maximum likelihood,Offenders are more likely to commit crimes in areas where they live or have lived.,"Current and former residential areas, duration and recency of residence.",Pseudo R² = .23,NA,Complete,Some details about spatial unit size and justification for choice not mentioned.,High,2,0,1,0,3,4,0,4,0,Sex; Age; Population size; Percentage single-person households; Poverty level; Distance to current area of residence; Distance to former area of residence; Prior offenses; Whether the offender lives in the area; Whether the offender ever has lived in the area before; Duration and recency of residence; Country of birth; Level of urbanization; Number of addresses per 10 years,14,Distance to current area of residence; Distance to former area of residence,,Poverty level,,Country of birth; Level of urbanization; Number of addresses per 10 years,Prior offenses; Whether the offender lives in the area; Whether the offender ever has lived in the area before; Duration and recency of residence,,Sex; Age; Population size; Percentage single-person households,
40,40_burglars_blocked_by_barriers.pdf,Burglars blocked by barriers? The impact of physical and social barriers on residential burglars' target location choices in China,2021,China,ZG City,"Not explicitly mentioned, but communities have an average size of 2.74 km²","A major Chinese city with 2643 communities, each with a relatively homogeneous population",Residential burglary,Residential burglary,January 2012 to June 2016,Municipal Public Security Bureau of ZG city,Community,Average size is 2.74 km²,Communities with a relatively homogeneous population,2643 communities,Not explicitly mentioned,Communities are used as they have a relatively homogeneous population and are a common unit in crime location choice studies,Cross-sectional,Conditional logit model,Conditional logit model,Stata/MP version 15,Random sampling for burglaries with multiple offenders,3860 burglaries,All 2643 communities in ZG city were considered as potential targets,Weighted exogenous sample maximum likelihood (WESML),"Residential burglars are less likely to target areas requiring crossing physical barriers, especially multiple rivers. Local burglars prefer communities with a majority of local residents, while nonlocal burglars do not show a strong preference for nonlocal majority communities.","Distance from home, physical barriers (rivers and roads), social barriers (Hukou status), proportion of houses built after 2000, rent price category, proportion of high-rise buildings, number of households.",Pseudo-R² = 0.3280 for the full model with both physical and social barriers.,Not explicitly mentioned,Complete,"Journal name, DOI, filename, and some specific details about the population per unit and study area size.",High,1,4,1,0,2,0,0,3,0,Hukou status; Number of households; Community type based on Hukou status; Rent price category; Proportion of high-rise buildings; Major roads with access control; Major roads without access control; Rivers; -log(Distance); Proportion of houses built after 2000; None explicitly mentioned,11,-log(Distance),Proportion of high-rise buildings; Major roads with access control; Major roads without access control; Rivers,Rent price category,,Proportion of houses built after 2000; None explicitly mentioned,,,Hukou status; Number of households; Community type based on Hukou status,
44,44_family_matters_effects_of_family_members_residen.pdf,FAMILY MATTERS: EFFECTS OF FAMILY MEMBERS' RESIDENTIAL AREAS ON CRIME LOCATION CHOICE,NA,Netherlands,Greater The Hague,NA,Urban area with a population that is not fully representative of the rest of the Netherlands,NA,NA,2006-2009,"Police information system, population registration data",Four-digit postal code areas,Average area size of 2.96 km²,142 four-digit postal code areas in the greater The Hague area,142,"Average population size of around 7,000",NA,Cross-sectional,Discrete spatial choice models,Conditional logit model,NA,NA,"19,420 offenses",NA,Maximum likelihood,Residential areas of family members are at increased risk of being targeted.,"Current familial residential areas, particularly those of children.",Pseudo-R² ranged between .30 and .31.,NA,Complete,"Some details not mentioned (e.g., exact study area size, software used)",High,1,0,1,0,0,1,0,2,0,"Residential areas of family members (parents, siblings, children); Gender of offender and family members; Current and former residential areas of offenders; Distance to current residential area of offender; Previous crime locations",5,Distance to current residential area of offender,,Current and former residential areas of offenders,,,Previous crime locations,,"Residential areas of family members (parents, siblings, children); Gender of offender and family members",
42,42_biting_once_twice_the_influence_of_prior_on_subs.pdf,"BITING ONCE, TWICE: THE INFLUENCE OF PRIOR ON SUBSEQUENT CRIME LOCATION CHOICE",NA,Netherlands,Greater The Hague,2.96 km² per postal code area,142 four-digit postal code areas,"Burglary, robbery, assault, theft from a vehicle",Burglary; robbery; assault; theft from a vehicle,2006-2009,Police records; LISA database,Four-digit postal code area,2.96 km²,Areas people are familiar with,142,"Approximately 7,000",Familiarity for residents,Longitudinal,Discrete choice models,Conditional logit,NA,Based on postal code areas,"12,639 offenses",142 postal code areas,NA,Offenders are more likely to commit crimes in areas they have previously targeted.,Prior crime locations; distance to prior offense; recency of prior offenses; number of prior offenses; type of prior offenses.,Pseudo R-squared values between .30 and .35.,NA,Complete for mentioned variables,Journal name and DOI not provided,High,2,0,1,5,4,4,0,2,1,"Population density; Proportion of single-person households; Current residence duration; Retail businesses; Hotels, restaurants, and bars; Schools; Cultural facilities; Sport and leisure facilities; Distance to prior offense; Distance to current residence; Previously chosen areas; Number of prior offenses; Recency of prior offenses; Type of prior offenses; Former residence duration; Proportion of non-Western residents; Number of employees; Health-care facilities; None specified",19,Distance to prior offense; Distance to current residence,,Current residence duration,"Retail businesses; Hotels, restaurants, and bars; Schools; Cultural facilities; Sport and leisure facilities",Proportion of non-Western residents; Number of employees; Health-care facilities; None specified,Previously chosen areas; Number of prior offenses; Recency of prior offenses; Type of prior offenses,,Population density; Proportion of single-person households,Former residence duration
47,47_modeling_micro-level_crime_location_choice_applic.pdf,Modeling Micro-Level Crime Location Choice: Application of the Discrete Choice Framework to Crime at Places,NA,Netherlands,Greater The Hague,400 sq. km,"The area comprises the city of The Hague, several smaller cities including Zoetermeer and Delft, and a number of smaller towns and villages.",Burglary,Burglary,2002-2007,Police files; Statistics Netherlands,Postal code area,Approximately the size of a football field,Contains on average 18 residential units and 40 residents; nearly always on the same street and not subdivided by physical barriers.,"23,984 postal code areas",Average of 40 residents,Matches the scale at which many theories of crime at places are articulated and may appeal to crime prevention practitioners.,Cross-sectional,Discrete choice framework,Multinomial logit model; Spatial competition model,NA,Random sample of alternatives from the choice set,"1,871 journey-to-burglary trips","Postal code area of the burglary and a random sample of 1,499 out of 23,984 other residential postal code areas",Maximum likelihood,Proximity and the number of residential properties increase the likelihood of an area being selected for burglary. Spatial competition indicates areas with many nearby residential units are less likely to be targeted.,"Proximity, number of properties, spatial competition factor",NA,Smaller spatial units provide more precise measurement and increased statistical power.,Complete,"Publication year, journal name, DOI, filename not provided",High,1,0,0,0,2,0,0,2,0,Population nonnative; Population ages 15-25; Proximity; Value properties; Number of properties,5,Proximity,,,,Value properties; Number of properties,,,Population nonnative; Population ages 15-25,
35,35_the_importance_of_importance_sampling_exploring_m.pdf,The Importance of Importance Sampling,NA,New Zealand,NA,NA,National dataset,"Residential and non-residential burglary, commercial and personal robbery, extra-familial sex offenses","Residential burglary, non-residential burglary, commercial robbery, personal robbery, extra-familial sex offenses",2009-2018,New Zealand Police data,NZ Census Statistical Area 2 (SA2),NA,Neighborhoods,2153 SA2s,NA,NA,Cross-sectional,Conditional logit model,Discrete choice model,R (clogit function from the survival package),Importance sampling and simple random sampling,NA,SA2s,Maximum likelihood,Importance sampling produced results more consistent with those produced without sampling compared to simple random sampling.,NA,NA,NA,Limited,Many details not specified,Medium,1,0,0,0,1,0,0,0,0,Proximity; Demographic variables,2,Proximity,,,,Demographic variables,,,,
43,43_co-offenders_crime_location_choice.pdf,CO-OFFENDERS' CRIME LOCATION CHOICE: DO CO-OFFENDING GROUPS COMMIT CRIMES IN THEIR SHARED AWARENESS SPACE?,NA,Netherlands,Greater The Hague,NA,Greater The Hague region,NA,NA,2006-2009,"Police information system, population registration data",Four-digit postal code areas,NA,Four-digit postal code areas,142,NA,NA,Cross-sectional,Discrete spatial choice model,Conditional logit model,NA,NA,"4,654 offenders",NA,NA,Co-offending groups are more likely to commit crimes in areas known to multiple offenders.,Areas known to multiple offenders.,NA,NA,Partial,Some information not specified,Medium,0,0,1,0,0,2,0,0,0,Current home location; Previous home location; Previous crime location,3,,,Current home location,,,Previous home location; Previous crime location,,,
39,39_right_place_right_time_making_crime_pattern_theory.pdf,"Right place, right time? Making crime pattern theory time-specific",2021,Netherlands,The Hague and North-Holland,NA,Western part of the Netherlands,"Various (residential burglary, theft of/from a bicycle, car or other (motor) vehicle, theft from a shop/shoplifting, theft (of an object) from a person, robbery, assault, vandalism)","Residential burglary, theft of/from a bicycle, car or other (motor) vehicle, theft from a shop/shoplifting, theft (of an object) from a person, robbery, assault, vandalism",2017,"Police data, online survey",Neighbourhoods,NA,"13,305 unique neighbourhoods in the Netherlands","13,305",NA,NA,Cross-sectional,Conditional logit model,Discrete choice model,NA,Online survey,71 offences committed by 30 offenders,NA,Maximum likelihood,Offenders are more likely to commit crime in neighbourhoods they have regularly visited at the same time of day than in neighbourhoods they have regularly visited at different times of day.,Neighbourhood routinely visited at same time of day as crime event,Pseudo-R² = 0.27,NA,Complete,Some details about spatial units and variable lists are not mentioned.,High,1,0,0,0,0,0,0,0,1,Proximity; Temporal variables,2,Proximity,,,,,,,,Temporal variables
31,31_ambient_population_and_surveillance_cameras.pdf,Ambient population and surveillance cameras: The guardianship role in street robbers' crime location choice,2021,China,ZG City,"1971 communities, average size 1.62 km²","ZG City, China",Street robbery,Street robbery,2012-2016,ZG Municipal Public Security Bureau,Communities,Average size 1.62 km²,1971 communities in ZG City,1971,NA,NA,Cross-sectional,Discrete spatial choice modeling,Conditional logit model,STATA 13.0,NA,4358 street robbers,NA,Maximum likelihood,Ambient population and surveillance cameras significantly hinder street robbers' crime location choice.,"Ambient population, surveillance cameras, malls and supermarkets, bus stops.",Pseudo R² improved by including ambient population and surveillance cameras.,NA,Complete,NA,High,2,1,1,4,7,1,1,2,0,"Ambient population (/10,000); Proportion of migrants (%); Socioeconomic heterogeneity (10%); Bars and clubs (#); Sports stadiums (#); High schools (#); ATMs and banks (#); Density of road network (km/km²); Transportation hubs (#); Log distance; Surveillance cameras (#); Carparks (#); Malls and supermarkets (#); Grocers (#); Terminal markets (#); Cybercafés (#); Bus stops (#); Subway stations (#); Proportion of youngsters (%)",19,Transportation hubs (#); Log distance,Density of road network (km/km²),Socioeconomic heterogeneity (10%),Bars and clubs (#); Sports stadiums (#); High schools (#); ATMs and banks (#),Malls and supermarkets (#); Grocers (#); Terminal markets (#); Cybercafés (#); Bus stops (#); Subway stations (#); Proportion of youngsters (%),Surveillance cameras (#),Carparks (#),"Ambient population (/10,000); Proportion of migrants (%)",
32,32_do_migrant_and_native_robbers_target_different_places.pdf,Do Migrant and Native Robbers Target Different Places?,2021,China,ZG City,1971 neighborhoods with an average area of 1.62 square kilometers,"ZG City, one of the largest cities in Southeast China",Street robbery,Street robbery,2012 to 2016,Arrest data from ZG City's Public Security Department; neighborhood characteristics data; POI data; traffic road network vector map data; bus stop data; mobile phone data; census data,Neighborhoods,Average area of 1.62 square kilometers,1971 neighborhoods in ZG City,1971,NA,NA,Cross-sectional,Discrete spatial choice modeling,Conditional logit selection models,Stata 13.0,Random selection of migrant robbers for comparison with native robbers,"4358 street robbers (3650 migrant, 708 native)",NA,Maximum likelihood,Significant spatial differences in crime location choices between migrant and native robbers.,"Wholesale markets, sports stadiums, transportation hubs, subway stations for migrant robbers; proportion of migrants for both groups.",Pseudo R² values greater than 0.25.,Not mentioned.,Complete,NA,High,3,1,1,4,7,0,1,1,0,Proportion of migrants; Socioeconomic heterogeneity; Bars and clubs; Sports stadiums; High schools; ATMs and banks; Density of road network; Transportation hubs; Distance of journey to crime; Log distance; Carparks; Proportion of youngsters; Wholesale markets; Malls and supermarkets; Grocers; Bus stops; Subway stations; Detection rate,18,Transportation hubs; Distance of journey to crime; Log distance,Density of road network,Socioeconomic heterogeneity,Bars and clubs; Sports stadiums; High schools; ATMs and banks,Proportion of youngsters; Wholesale markets; Malls and supermarkets; Grocers; Bus stops; Subway stations; Detection rate,,Carparks,Proportion of migrants,
33,33_do_juvenile_young_adult_and_adult_offenders_target_different_places.pdf,"Do juvenile, young adult, and adult offenders target different places in the Chinese context?",2022,China,ZG City,1971 neighborhood units with an average area of 1.62 km²,"ZG City, a major city in the southeast coastal region of China",Street robbery,Street robbery,2012 to 2016,ZG City Public Security Bureau,Neighborhood units,Average area of 1.62 km²,1971 neighborhood units in ZG City,1971,NA,NA,Cross-sectional,Conditional logit selection model,Conditional logit,NA,NA,7860 street robberies,NA,Maximum likelihood,"Offenders prefer areas frequented by their age group, close to their residence, and with low social cohesion.","Cybercafés, transportation hubs, schools, distance of journey to crime, migrants proportion, young adults proportion.",Pseudo R² value >0.20.,NA,Complete,NA,High,2,0,0,2,6,0,1,2,0,"Age group (juvenile, young adult, adult); Migrants proportion; Bars and clubs; Schools; Transportation hubs; Distance of journey to crime; Car parks; Cybercafés; Wholesale markets; Malls and supermarkets; Bus stops; Subway stations; Young adults proportion",13,Transportation hubs; Distance of journey to crime,,,Bars and clubs; Schools,Cybercafés; Wholesale markets; Malls and supermarkets; Bus stops; Subway stations; Young adults proportion,,Car parks,"Age group (juvenile, young adult, adult); Migrants proportion",
38,38_the_influence_of_activity_space_and_visiting_frequ.pdf,THE INFLUENCE OF ACTIVITY SPACE AND VISITING FREQUENCY ON CRIME LOCATION CHOICE: FINDINGS FROM AN ONLINE SELF-REPORT SURVEY,2019,Netherlands,Entire Netherlands,NA,Entire Netherlands,"Various (violent offences, thefts, vandalism, drug trafficking, burglaries, robberies, weapons trafficking)","Violent offences, thefts, vandalism, drug trafficking, burglaries, robberies, weapons trafficking",2013-2016,Online self-report survey,Neighbourhoods,NA,Smallest statistical units for detailed socio-economic data,"12,821",NA,NA,Cross-sectional,Conditional logit model,Conditional logit,NA,Online self-report survey,140 offences,NA,Random utility maximization (RUM) theory assumptions,Offending is more likely in activity spaces and increases with visiting frequency.,"Activity nodes, visiting frequency","Pseudo-R² = 0.512 (higher accuracy), Pseudo-R² = 0.442 (lower accuracy)",NA,Partial,Some details not mentioned,High,1,0,1,0,0,0,0,0,0,Economic variables; Proximity,2,Proximity,,Economic variables,,,,,,
37,37_location_choice_of_snatching_offenders_in_chennai.pdf,Location Choice of Snatching Offenders in Chennai City,2021,India,Chennai City,2.18 km² (average surface area of wards),Greater Chennai City Corporation,Snatching,Snatching,August 2010 to July 2017,Police-recorded snatching offenses,Wards,2.18 km² (average surface area),201 wards in Chennai City,201 wards,"33,195 (average population per ward)",Not explicitly mentioned,Cross-sectional,Discrete crime location choice models,Conditional logit model,NA,NA,1573 snatching offenses,NA,Maximum likelihood,Offenders prefer locations closer to their residence and tend to re-offend in previously targeted areas.,"Distance from home, prior offending locations",NA,NA,Complete,Some details on methodology and data quality not mentioned,High,1,0,0,0,1,4,0,1,0,Population (# 1000); Distance from offender's home to crime location; Offender residence location; Prior offending locations; Presence of crime generators and attractors; Prior snatching offenses in the location; Area (km²),7,Distance from offender's home to crime location,,,,Area (km²),Offender residence location; Prior offending locations; Presence of crime generators and attractors; Prior snatching offenses in the location,,Population (# 1000),
34,34_awareness_x_opportunity_testing_interactions_betw.pdf,AWARENESS × OPPORTUNITY: TESTING INTERACTIONS BETWEEN ACTIVITY NODES AND CRIMINAL OPPORTUNITY IN PREDICTING CRIME LOCATION CHOICE,2018,Netherlands,Greater The Hague,NA,Three municipalities in the greater The Hague area,Any-crime-type offences,"Any-crime-type, violence, property crimes",2006-2009,"Police information system, population registration data, LISA data, community survey",Four-digit postal code areas,NA,Postal code areas in the study area,76,NA,NA,Cross-sectional,Discrete choice models,Conditional logit model,NA,NA,"13,088 offences",NA,Maximum likelihood,"Residential areas of offenders and their family were more often targeted than areas where they did not live. Areas with many bars/restaurants/hotels were more likely to be targeted, while areas with high collective efficacy were less likely to be targeted.","Residential area of offender, residential area of family, number of bars/restaurants/hotels, collective efficacy",NA,NA,Complete,NA,High,0,0,0,1,0,2,0,1,0,Residential area of family; Number of bars/restaurants/hotels; Residential area of offender; Collective efficacy,4,,,,Number of bars/restaurants/hotels,,Residential area of offender; Collective efficacy,,Residential area of family,
30,30_assessing_the_influence_of_prior_on_subsequent_street_robbery_location_choices.pdf,"Assessing the Influence of Prior on Subsequent Street Robbery Location Choices: A Case Study in ZG City, China",2018,China,ZG City,"1973 communities, average size 1.62 km²",Northern part of the Pearl River Delta,Street robbery,Street robbery,NA,ZG City Public Security Bureau,Community,Average size 1.62 km²,1973 communities in ZG City,1973,NA,NA,Cross-sectional,Mixed logit model,Discrete choice model,NA,NA,1262 detected robberies,NA,Maximum likelihood,Prior street robbery experiences significantly affect subsequent location choices.,"Shorter time interval, less likelihood of being arrested.","McFadden's LRI = 0.26, P = 0.000.",Not mentioned.,Complete,"Study period, software used, sampling approach.",High,2,0,0,2,4,2,0,2,1,Sex; Age; Bars and clubs; High schools; Transportation hubs; Distance of journey to prior robbery; Surveillance cameras; Not being arrested in the act of prior robbery; Time interval between two robberies; Subway stations; Bus stops; Cybercafés; Malls and supermarkets,13,Transportation hubs; Distance of journey to prior robbery,,,Bars and clubs; High schools,Subway stations; Bus stops; Cybercafés; Malls and supermarkets,Surveillance cameras; Not being arrested in the act of prior robbery,,Sex; Age,Time interval between two robberies
26,26_familiar_locations_and_similar_activities_examining.pdf,Familiar Locations and Similar Activities: Examining the Contributions of Reliable and Relevant Knowledge in Offenders' Crime Location Choices,2023,New Zealand,NA,NA,NA,"Various crime types including residential burglary, non-residential burglary, commercial robbery, personal robbery, and extra-familial sex offenses",Residential burglary; Non-residential burglary; Commercial robbery; Personal robbery; Extra-familial sex offenses,2009-2018,New Zealand Police National Intelligence Application (NIA),Statistical Area 2 (SA2) Census Units,"Median of 1.2 km², with 50% sized between 0.84 and 2.2 km²",Neighborhoods used for meso-level spatial choices,"2,153 SA2s","2,000-4,000 residents (1,000-3,000 in rural areas)",Balances risk of ignoring spatial spill-over mechanisms and spatial heterogeneity,Cross-sectional,Discrete spatial choice modeling (DSCM),Conditional logit model,NA,Stratified importance sampling,"17,054 residential burglaries; 10,353 non-residential burglaries; 1,977 commercial robberies; 4,315 personal robberies; 4,421 extra-familial sex offenses",SA2s with activity nodes within 5 km and 10 randomly selected SA2s,Maximum likelihood,Offenders are more likely to commit crime near activity nodes high on both reliability and relevance.,High reliability and relevance of activity nodes.,Pseudo R² values ranging from 0.27 to 0.36.,Distance decay pattern observed; stronger associations at shorter distances.,Partial,"Journal name, DOI, filename, some variable details",High,0,0,0,1,2,0,0,1,0,Number of households; Number of business units; Reliability (familiarity); Relevance (similarity),4,,,,Number of business units,Reliability (familiarity); Relevance (similarity),,,Number of households,
27,27_traveling_alone_or_together_neighborhood_context.pdf,Traveling Alone or Together? Neighborhood Context on Individual and Group Juvenile and Adult Burglary Decisions,2022,United States,Tampa,NA,Representative city in the south,Burglary,Burglary,January 2000 to September 2012,City police department; US Census,Block group,NA,Smallest unit available where meaningful sociodemographic data are available,334 block groups,NA,Smallest unit available for meaningful sociodemographic data,Cross-sectional,Discrete choice modeling,Conditional logit model,NA,All suspects arrested for burglary over a 13-year period,"7,124 burglary incidents; 9,288 unique suspects",NA,Maximum likelihood,Adults travel further and are more sensitive to neighborhood conditions than juveniles; group participation makes little difference in target decisions.,"Concentrated disadvantage, residential stability, racial/ethnic heterogeneity, distance to target neighborhood.",NA,NA,Complete,Study area size; population per unit; software used; estimation method details.,High,1,0,1,0,5,0,0,2,0,Concentrated disadvantage; Racial/ethnic heterogeneity; Median income; Distance to target neighborhood; Residential stability; Percent occupied housing units; Percent Black residents; Percent Latino residents; Gini coefficient,9,Distance to target neighborhood,,Median income,,Residential stability; Percent occupied housing units; Percent Black residents; Percent Latino residents; Gini coefficient,,,Concentrated disadvantage; Racial/ethnic heterogeneity,
25,25_divergent_decision-making_in_context_neighborhood.pdf,Divergent Decision-Making in Context: Neighborhood Context Shapes Effects of Physical Disorder and Spatial Knowledge on Burglars' Location Choice,2024,China,ZG City,NA,Central urban area of ZG,Burglary,Burglary,2017-2018,"Police arrest records, mobile phone mobility data, street view images, census data",Communities (juweihui or cunweihui),Average size of 0.958km²,Communities are the smallest administrative unit where population census and major survey data are collected,"1,652","Average population of 5,957",NA,Cross-sectional,Discrete choice model,Conditional logit model,NA,NA,"1,972 burglary cases",NA,Maximum likelihood,NA,NA,NA,NA,Complete,NA,High,2,1,2,1,6,2,1,5,0,"Population density; Population (log); Average rent price; Spatial knowledge (mobility flows); Concentrated disadvantage; Unemployment rate; Share of renters; Number of entertainment venues; Presence of high-rise buildings (9 floors or higher); Access to tap water, bath, and kitchen; Distance from burglar's home (log); Observed physical disorder; Perceived physical disorder; Number of parks; Low educational attainment (high school or lower); Share of non-locals; Overcrowding; Presence of post-2000 newer buildings; Number of subway stations; Number of bus stops",20,"Access to tap water, bath, and kitchen; Distance from burglar's home (log)",Presence of high-rise buildings (9 floors or higher),Unemployment rate; Share of renters,Number of entertainment venues,Low educational attainment (high school or lower); Share of non-locals; Overcrowding; Presence of post-2000 newer buildings; Number of subway stations; Number of bus stops,Observed physical disorder; Perceived physical disorder,Number of parks,Population density; Population (log); Average rent price; Spatial knowledge (mobility flows); Concentrated disadvantage,
28,28_relationships_between_offenders_crime_locations.pdf,Relationships Between Offenders' Crime Locations and Different Prior Activity Locations as Recorded in Police Data,2023,New Zealand,NA,NA,National dataset covering New Zealand,Various crime types analyzed,Residential burglaries; Non-residential burglaries; Commercial robberies; Personal robberies; Extra-familial sex offences,2009-2018,New Zealand Police National Intelligence Application (NIA),Statistical Area 2 (SA2),Typically containing 2000-4000 residents in urban areas and 1000-3000 residents in rural areas,Approximate neighborhoods,NA,2000-4000 in urban areas; 1000-3000 in rural areas,SA2s approximate neighborhoods and are comparable to units used in other neighborhood-level studies,Cross-sectional,Discrete spatial choice models,Conditional logit models,NA,Stratified importance sampling approach,"17,054 residential burglaries; 10,353 non-residential burglaries; 1,977 commercial robberies; 4,315 personal robberies; 4,421 extra-familial sex offences",Each offender's choice set included the chosen SA2; all SA2s that contained an activity node or had an activity node within 5 km; and 10 SA2s randomly selected from the remaining SA2s,Maximum likelihood,Offenders are more likely to commit crimes closer to their activity nodes; crime opportunity is positively associated with crime location choice.,Proximity to activity nodes; crime opportunity variables.,Pseudo R² values between 0.35 and 0.42.,NA,Partial,Specific variable names and descriptions are not provided.,Medium,1,0,0,1,1,0,0,0,0,Number of business units; Distance to activity nodes; Number of dwellings,3,Distance to activity nodes,,,Number of business units,Number of dwellings,,,,
22,22_where_offenders_choose_to_attack_a_discrete_choice_model.pdf,WHERE OFFENDERS CHOOSE TO ATTACK: A DISCRETE CHOICE MODEL OF ROBBERIES IN CHICAGO,2009,United States,Chicago,NA,"Chicago, Illinois, USA",Robbery,Robbery,1996-1998,U.S. Census Bureau; Chicago Police Department; Chicago Public Schools; Claritas,Census tract,NA,Census tracts in Chicago,844,NA,"Lowest level of aggregation for which ""collective efficacy"" measure was available",Cross-sectional,Discrete choice model,Conditional logit model,Stata,Random sample of robbery cases,"6,000 robberies",Census tracts in Chicago,Maximum likelihood,"Robbery location choice is influenced by proximity to home, racial/ethnic similarity, presence of crime attractors, and collective efficacy.","Distance, racial/ethnic dissimilarity, gang territorial dissimilarity, drug and prostitution arrests, high school presence, retail employment, collective efficacy.",NA,NA,Complete,None noted,High,1,0,1,0,4,1,0,2,0,Age; Racial/Ethnic Origin; Retail employment; Distance; Collective efficacy; High school presence; Drug arrests; Prostitution arrests; Gang territorial dissimilarity,9,Distance,,Retail employment,,High school presence; Drug arrests; Prostitution arrests; Gang territorial dissimilarity,Collective efficacy,,Age; Racial/Ethnic Origin,
24,24_relative_difference_and_burglary_location.pdf,Relative Difference and Burglary Location: Can Ecological Characteristics of a Burglar's Home Neighborhood Predict Offense Location?,2016,United States,Tampa,Not explicitly mentioned,"The study focuses on the City of Tampa, Florida, analyzing neighborhood characteristics and their influence on burglary locations.",Burglary,Burglary,January 2000 through September 2012,Tampa Police Department; U.S. Census data,Census block group,Not explicitly mentioned,The study uses census block groups to minimize within-neighborhood heterogeneity and ensure availability of neighborhood contextual data.,334 block groups,NA,To account for social and demographic characteristics of neighborhoods that likely influence target selection.,Cross-sectional,Discrete choice modeling,Conditional logit model,Stata 14.0,All arrests for burglaries in Tampa during the study period were included.,"5,182 incidents committed by 6,846 suspects",Each incident has a separate row for each choice alternative among the 334 neighborhoods.,Maximum likelihood,"Neighborhood characteristics, particularly those related to social disorganization, influence burglary target selection beyond geographic distance.","Concentrated disadvantage, residential stability, ethnic heterogeneity, percentage of Black residents, and distance.",BIC and log likelihood values are provided in tables.,Not explicitly discussed.,Complete,"Journal name, DOI, study area size, population per unit.",High,2,0,0,0,1,0,0,6,0,Percentage of Black; Percentage of Latino; Concentrated disadvantage; Ethnic heterogeneity; Percentage of occupied housing; Single-parent households; Distance (centered); Distance squared (centered); Residential stability,9,Distance (centered); Distance squared (centered),,,,Residential stability,,,Percentage of Black; Percentage of Latino; Concentrated disadvantage; Ethnic heterogeneity; Percentage of occupied housing; Single-parent households,
29,29_crime_feeds_on_legal_activities_daily_mobility_fl.pdf,Crime Feeds on Legal Activities: Daily Mobility Flows Help to Explain Thieves' Target Location Choices,NA,China,ZG City,More than 3000 km²,Central part of ZG City,Theft from the person,Theft from the person,"June 1st, 2014 to May 30th, 2016","Geocoded tracks of mobile phones, police-recorded thefts",Census unit,Average size 1.62 km²,Census units with a mean population of 5956,1616,Mean population 5956,Similar size to comparable studies,Cross-sectional,Conditional logit model,Discrete choice model,NA,Solitary offending cases selected,3436 cases of theft from the person,NA,Maximum likelihood,Mobility flows significantly impact the probability of a community being targeted.,"Distance, relative mobility flow, presence of certain crime generators.",Pseudo R² = 0.301,Mobility flows reduce the effect of distance but do not replace it.,Complete,None,High,1,0,0,7,6,0,0,2,0,Population per census unit; Relative mobility flow; Primary schools; Middle schools; Hospitals; Basic stores; Restaurants; Bars; Banks; Distance to offender's home; Non-local proportion; Markets; Supermarkets; Cinemas; Subway stations; Bus stops,16,Distance to offender's home,,,Primary schools; Middle schools; Hospitals; Basic stores; Restaurants; Bars; Banks,Non-local proportion; Markets; Supermarkets; Cinemas; Subway stations; Bus stops,,,Population per census unit; Relative mobility flow,
23,23_location_location_location_effects_of_neighbo.pdf,"""Location, Location, Location"": Effects of Neighborhood and House Attributes on Burglars' Target Selection",NA,Belgium,Ghent,NA,"Ghent, Belgium",Residential burglary,Residential burglary,2005-2014,"Police records, Census data",Neighborhoods,NA,"193 residential neighborhoods in Ghent, Belgium",193 neighborhoods,NA,NA,Cross-sectional,Discrete spatial choice approach,Conditional logit model,NA,NA,"679 burglaries, 577 burglars",NA,Maximum likelihood,"Burglars prefer residences in neighborhoods with lower residential density, detached residences, single-unit buildings, and renter-occupied residences. They are more likely to target residences in neighborhoods where they previously committed burglaries and residences nearby their home.","Residential density, building type, number of residential units, rental status, prior burglary activity in neighborhood, distance from offender's home",NA,NA,Complete,NA,High,1,2,3,0,2,1,0,0,0,"Proportion rental units; Median income; Rental status (renter-occupied vs. owner-occupied); Building type (detached, semi-detached, terraced, apartment); Number of residential units (single-unit, multi-unit); Distance from offender's home; Prior burglary activity in neighborhood; Residential density; Proportion non-Belgians",9,Distance from offender's home,"Building type (detached, semi-detached, terraced, apartment); Number of residential units (single-unit, multi-unit)",Proportion rental units; Median income; Rental status (renter-occupied vs. owner-occupied),,Residential density; Proportion non-Belgians,Prior burglary activity in neighborhood,,,
21,21_effect_attractiveness_opportunity_and_accessibility.pdf,"EFFECTS OF ATTRACTIVENESS, OPPORTUNITY AND ACCESSIBILITY TO BURGLARS ON RESIDENTIAL BURGLARY RATES OF URBAN NEIGHBORHOODS",2003,Netherlands,The Hague,NA,Urban neighborhoods in The Hague,Residential burglary,Residential burglary,1996-2001,"Police records, statistical publication of the municipality of The Hague",Neighborhood,Average size of 0.65 square kilometers,Urban neighborhoods in The Hague,89 neighborhoods,Average population of 4950 residents,NA,Cross-sectional,Regression analysis,NA,NA,NA,NA,NA,NA,The study emphasizes the spatial distribution of burglary is conditioned by accessibility measures.,"SWEBER, proximity to CBD",NA,NA,Complete,NA,High,1,0,0,0,3,0,0,3,0,Ethnic heterogeneity; Residential mobility; Average real estate value; Proximity to central business district; Home ownership; SWEBER; Burglary rate,7,Proximity to central business district,,,,Home ownership; SWEBER; Burglary rate,,,Ethnic heterogeneity; Residential mobility; Average real estate value,
13,13_testing_ecological_theories_of_offender_spatial_de.pdf,Testing Ecological Theories of Offender Spatial Decision Making Using a Discrete Choice Model,2015,United Kingdom,Dorset,NA,County of Dorset,Theft from vehicles (TFV),TFV,"January 1, 2001, to December 31, 2005",Police data for detected incidents of TFV,UK census Lower Super Output Area (LSOA),NA,Used as spatial units for analysis,198 LSOAs,"Approximately 1,524 people and 662 residential households",NA,Cross-sectional,Discrete choice model,Conditional logit model,STATA 10 SE,NA,721 crimes committed by 263 offenders,NA,Maximum likelihood estimation,NA,NA,NA,NA,NA,NA,NA,3,0,1,0,3,1,1,1,0,Population turnover (10%); Socioeconomic heterogeneity (10%); Presence of train station(s); Distance to offender’s home (log km); Distance to city center (log km); Social cohesion; Number of car parks; Number of cars and vans; Presence of school(s); Connectivity,10,Presence of train station(s); Distance to offender’s home (log km); Distance to city center (log km),,Socioeconomic heterogeneity (10%),,Number of cars and vans; Presence of school(s); Connectivity,Social cohesion,Number of car parks,Population turnover (10%),
15,15_situating_crime_pattern_theory_into_the_explanation.pdf,Situating Crime Pattern Theory Into The Explanation Of Co-Offending: Considering Area-Level Convergence Spaces,2021,United States,Baltimore,NA,Baltimore City,Group crime,Group crime,2013-2016,Environmental Protection Agency; Baltimore City Police Department; American Community Survey,Census block group,Average size: 0.14 square miles; Average population: 953 residents,Census block groups in Baltimore City,653,Average: 953 residents,NA,Cross-sectional,Spatially lagged negative binomial regression,Negative binomial regression,NA,NA,"68,393 arrests",NA,Maximum likelihood,"Activity nodes like bars and pedestrian-oriented street connectivity are significant predictors of group crime. Poverty increases group crime rates, while ethnic heterogeneity decreases them.","Number of bars, pedestrian-oriented street density, poverty, ethnic heterogeneity",NA,NA,Complete,NA,High,1,0,2,2,6,3,0,3,1,Population density; Ethnic heterogeneity; Population turnover; Poverty; Median income; Number of bars; Number of schools; Distance to transit stops; Group crime rate; Solo crime rate; Social disorganization; Time period; Number of transit stops; Number of shopping outlets; Auto-network density; Pedestrian-network density; Environmental quality; Spatial lag,18,Distance to transit stops,,Poverty; Median income,Number of bars; Number of schools,Number of transit stops; Number of shopping outlets; Auto-network density; Pedestrian-network density; Environmental quality; Spatial lag,Group crime rate; Solo crime rate; Social disorganization,,Population density; Ethnic heterogeneity; Population turnover,Time period
18,18_how_do_residential_burglars_select_target_areas.pdf,HOW DO RESIDENTIAL BURGLARS SELECT TARGET AREAS? A New Approach to the Analysis of Criminal Location Choice,2005,Netherlands,The Hague,NA,"The Hague, Netherlands",Residential burglary,Residential burglary,1996-2001,Police records,Neighbourhoods,NA,89 residential neighbourhoods in The Hague,89,NA,NA,Cross-sectional,Conditional logit model,Discrete spatial choice approach,NA,NA,"548 burglaries, 290 burglars",NA,Maximum likelihood,"Ethnic heterogeneity, single-family dwellings, and proximity to the offender's home increase the likelihood of a neighborhood being selected for burglary.","Ethnic heterogeneity, single-family dwellings, proximity to the offender's home, number of residential units",NA,NA,Complete,"Study area size, justification for SUoA choice, software used, sampling approach, estimation method details",High,2,2,0,0,1,0,0,2,0,Ethnic heterogeneity; Residential mobility; Percentage of single-family dwellings; Number of residential units; Proximity to burglar's home; Proximity to city centre; Real estate value,7,Proximity to burglar's home; Proximity to city centre,Percentage of single-family dwellings; Number of residential units,,,Real estate value,,,Ethnic heterogeneity; Residential mobility,
19,19_cooffending_and_the_choice_of_target_areas_in_bur.pdf,Co-offending and the Choice of Target Areas in Burglary,NA,Netherlands,The Hague,0.65 km² per neighbourhood,"The Hague, comprising 89 residential neighbourhoods",Residential burglary,Residential burglary,1996-2004,Police records; real estate registration system; citizen registration,Neighbourhood,0.65 km²,Residential neighbourhoods in The Hague,89,Approximately 4952 residents,Focus on neighbourhood-level characteristics affecting burglary,Cross-sectional,Conditional logit model,Conditional logit,NA,All detected residential burglaries in The Hague,1174 burglaries involving 750 offenders,Neighbourhoods in The Hague,Maximum likelihood,Physical accessibility and proximity to home are significant factors for target area choice; no significant differences between solitary and group offenders.,"Physical accessibility, proximity to home neighbourhood",NA,NA,Complete,None noted,High,2,1,2,0,1,0,0,3,0,Single family properties; Ethnic heterogeneity; Residential mobility; Property value; Annual income per person; Terraced property; Proximity home neighbourhood; Proximity city center; Owner-occupied property,9,Proximity home neighbourhood; Proximity city center,Terraced property,Property value; Annual income per person,,Owner-occupied property,,,Single family properties; Ethnic heterogeneity; Residential mobility,
17,17_learning_where_to_offend_effects_of_past_on_future_burglary_locations.pdf,LEARNING WHERE TO OFFEND EFFECTS OF PAST ON FUTURE BURGLARY LOCATIONS,2015,United Kingdom,West Midlands,NA,Large metropolitan UK police force,Burglary,Burglary,January 2007 to December 2012,Police-recorded burglary data,UK Census Lower Level Super Output Area (LSOA),"Approximately 1,500 residents and 600 households",Defined on proximity and social homogeneity measures,"1,687","Approximately 1,500 residents",Not explicitly mentioned,Cross-sectional,Discrete spatial crime location choice approach,Multinomial logit model,NA,NA,"3,337 detected burglaries",NA,Maximum likelihood,"Burglars are more likely to target areas they previously targeted, especially if the prior burglary was recent. Spatial proximity is also relevant.","Prior burglary in same LSOA, prior burglary in same MSOA, distance to burglar's residence, distance to city center, number of households, average house price, ethnic diversity, population turnover.",Pseudo R-squared value of .31.,NA,Complete,NA,High,3,0,0,0,0,4,0,4,0,Population turnover; Ethnic diversity; Average house price; Number of households; Distance to city center; Train station presence; Distance to burglar's residence; Prior burglary in same LSOA; Prior burglary in same MSOA; Recency of prior burglary; Time since prior burglary,11,Distance to city center; Train station presence; Distance to burglar's residence,,,,,Prior burglary in same LSOA; Prior burglary in same MSOA; Recency of prior burglary; Time since prior burglary,,Population turnover; Ethnic diversity; Average house price; Number of households,
20,20_burglar_target_selection_a_cross_national_compari copy.pdf,Burglar Target Selection: A Crossnational Comparison,2015,Netherlands,The Hague,Not explicitly mentioned,Urban areas with varying target densities,Residential burglary,Residential burglary,1996–2001 (The Hague); 2009 (Birmingham); 2006 (Brisbane),"Police services from The Hague, Birmingham, and Brisbane",Neighborhoods (NL); Super Output Areas (UK); Statistical Local Areas (AU),Varies by region,Geographical spatial units where offenders may choose to offend,Not explicitly mentioned,Not explicitly mentioned,Based on equivalence in size of the known burglar population and number of targets,Cross-sectional,Discrete spatial choice approach,Conditional logit model,NA,Not explicitly mentioned,Not explicitly mentioned,Geographical spatial units where offenders may choose to offend,Maximum likelihood,"Proximity to an offender's home, the proportion of single-family dwellings, and the number of residential units are consistent predictors of burglary location choice.",Proximity to offender's home; Single-family dwellings; Residential units,Not explicitly mentioned,Not explicitly mentioned,Complete,"Journal name, DOI, exact study area size, number of spatial units, population per unit",High,2,2,0,0,1,0,0,1,0,Residential mobility; Single-family dwellings; Residential units; Proximity to offender's home; Proximity to city center; Real estate value,6,Proximity to offender's home; Proximity to city center,Single-family dwellings; Residential units,,,Real estate value,,,Residential mobility,
36,20_burglar_target_selection_a_cross_national_compari copy.pdf,Burglar Target Selection: A Crossnational Comparison,2015,United Kingdom,Birmingham,Not explicitly mentioned,Urban areas with varying target densities,Residential burglary,Residential burglary,1996–2001 (The Hague); 2009 (Birmingham); 2006 (Brisbane),"Police services from The Hague, Birmingham, and Brisbane",Neighborhoods (NL); Super Output Areas (UK); Statistical Local Areas (AU),Varies by region,Geographical spatial units where offenders may choose to offend,Not explicitly mentioned,Not explicitly mentioned,Based on equivalence in size of the known burglar population and number of targets,Cross-sectional,Discrete spatial choice approach,Conditional logit model,NA,Not explicitly mentioned,Not explicitly mentioned,Geographical spatial units where offenders may choose to offend,Maximum likelihood,"Proximity to an offender's home, the proportion of single-family dwellings, and the number of residential units are consistent predictors of burglary location choice.",Proximity to offender's home; Single-family dwellings; Residential units,Not explicitly mentioned,Not explicitly mentioned,Complete,"Journal name, DOI, exact study area size, number of spatial units, population per unit",High,2,2,0,0,1,0,0,1,0,Residential mobility; Single-family dwellings; Residential units; Proximity to offender's home; Proximity to city center; Real estate value,6,Proximity to offender's home; Proximity to city center,Single-family dwellings; Residential units,,,Real estate value,,,Residential mobility,
50,20_burglar_target_selection_a_cross_national_compari copy.pdf,Burglar Target Selection: A Crossnational Comparison,2015,Australia,Brisbane,Not explicitly mentioned,Urban areas with varying target densities,Residential burglary,Residential burglary,1996–2001 (The Hague); 2009 (Birmingham); 2006 (Brisbane),"Police services from The Hague, Birmingham, and Brisbane",Neighborhoods (NL); Super Output Areas (UK); Statistical Local Areas (AU),Varies by region,Geographical spatial units where offenders may choose to offend,Not explicitly mentioned,Not explicitly mentioned,Based on equivalence in size of the known burglar population and number of targets,Cross-sectional,Discrete spatial choice approach,Conditional logit model,NA,Not explicitly mentioned,Not explicitly mentioned,Geographical spatial units where offenders may choose to offend,Maximum likelihood,"Proximity to an offender's home, the proportion of single-family dwellings, and the number of residential units are consistent predictors of burglary location choice.",Proximity to offender's home; Single-family dwellings; Residential units,Not explicitly mentioned,Not explicitly mentioned,Complete,"Journal name, DOI, exact study area size, number of spatial units, population per unit",High,2,2,0,0,1,0,0,1,0,Residential mobility; Single-family dwellings; Residential units; Proximity to offender's home; Proximity to city center; Real estate value,6,Proximity to offender's home; Proximity to city center,Single-family dwellings; Residential units,,,Real estate value,,,Residential mobility,
8,08_role_of_the_street_network_in_burglars_spatial_de.pdf,ROLE OF THE STREET NETWORK IN BURGLARS' SPATIAL DECISION-MAKING,2017,United Kingdom,High Wycombe area,Approximately 150 km²,"Built-up areas of High Wycombe, Beaconsfield, and Marlow with a 1-km buffer",Residential burglary,Residential burglary,04/01/2004 to 03/31/2014,Thames Valley Police,Street segment,NA,Street segments within the study area,"5,286 street segments",NA,Street segments are a natural unit for studying crime as they reflect how people navigate their environment.,Cross-sectional,Mixed logit model,Discrete choice model,NA,NA,459 residential burglaries,NA,Hierarchical Bayes,"The study supports crime pattern theory and Newman's concept of defensible space, indicating that nonlocal pedestrian traffic increases burglary risk while local pedestrian traffic decreases it.","Nonlocal pedestrian traffic, local pedestrian traffic",NA,NA,Partial,Some variable details and data sources not specified,Medium,1,0,0,0,0,0,0,0,0,Proximity,1,Proximity,,,,,,,,
16,16_modelling_taste_heterogeneity_regarding_offence_lo.pdf,Modelling taste heterogeneity regarding offence location choices,2019,United Kingdom,York,Approximately 270 km²,"The city of York, UK",Serious acquisitive crime,Residential burglary; robbery; theft of and from vehicles,April 2008 to March 2012,Recorded and solved SAC data; Ordnance Survey; 2011 UK Census; UK Land Registry,Neighbourhoods (output areas),Not specified in exact units,Smallest units for which study variables are available,NA,NA,Based on availability of variables and spatial granularity,Cross-sectional,Discrete choice modeling,"Conditional logit, mixed logit, latent class logit",Stata 14,Not explicitly mentioned,"1,105 offence location choices by 498 offenders",Offenders choosing from neighbourhoods within York,"Maximum likelihood, expectation-maximization, hierarchical Bayes",Preference heterogeneity exists among offenders; LCL and ML models fit data better than CL model.,"Distance, distance to city centre, ethnic heterogeneity, residential churn, socioeconomic heterogeneity, previous offence location.",LCL and ML models fit data approximately 4.5 times better than CL model.,Not explicitly mentioned,Complete,"Journal name, DOI, filename, number of spatial units, population per unit",High,2,1,2,0,1,0,0,2,0,Ethnic heterogeneity; Residential churn; Socioeconomic heterogeneity; Affluence; Previous offence location; Distance; Distance to the city centre; Number of potential targets,8,Distance; Distance to the city centre,Previous offence location,Socioeconomic heterogeneity; Affluence,,Number of potential targets,,,Ethnic heterogeneity; Residential churn,
3,03_graffiti_writers_choose_locations_that_optimize_exposure.pdf,Graffiti Writers Choose Locations That Optimize Exposure,2024,Belgium,Ghent,NA,Ghent city center,Graffiti writing,Graffiti writing,November 2017,Systematic Social Observation (SSO),Street segments,NA,Street segments in Ghent city center,"2,233",NA,NA,Cross-sectional,Conditional logit model,Discrete choice model,NA,Systematic Social Observation (SSO),"12,655 graffiti instances",NA,Maximum likelihood,Graffiti writers prefer locations with high exposure and accessibility.,"Street network centrality, presence of bars, night shops, residential units, and schools.",NA,NA,Complete,"Study area size, population per unit, justification for SUoA choice, software used, estimation method details.",High,1,1,0,3,0,0,1,0,0,Bars; Night shops; Schools; Residential units; Street network centrality; Trees along the street,6,Street network centrality,Residential units,,Bars; Night shops; Schools,,,Trees along the street,,
12,12_modelling_the_spatial_decision_making_of_terrorist.pdf,Modelling the spatial decision making of terrorists: the discrete choice approach,2019,Northern Ireland,Belfast,NA,"Belfast, Northern Ireland",Terrorist attacks,Terrorist attacks,1969-1989,Provisional Irish Republican Army attack data,Small areas,NA,"Output areas in Belfast, Northern Ireland",890,NA,NA,Cross-sectional,Conditional logistic regression,Discrete choice model,STATA,NA,150 attacks by 127 PIRA members,NA,Maximum likelihood,"Distance from home decreases likelihood of area selection; presence of major roads, police stations, or military bases increases likelihood.","Distance, presence of major road, presence of military base or police station",McFadden pseudo-R² value of 0.178; likelihood-ratio test (p<0.001),NA,Complete,NA,High,0,2,0,0,1,0,0,0,0,Presence of major road; River Lagan (natural barrier); Presence of military base or police station,3,,Presence of major road; River Lagan (natural barrier),,,Presence of military base or police station,,,,
11,11_spatial_analysis_with_preference_specification_of.pdf,Spatial analysis with preference specification of latent decision makers for criminal event prediction,2006,United States,Richmond,NA,"City of Richmond, VA",Residential breaking and entering,Residential breaking and entering,"July 1, 1997 - October 31, 1997","Regional Crime Analysis Program (ReCAP), criminal incident reporting mainframe system (RAMS)",Grid cell,2517 regular grids,Aggregated alternatives using regular grids,2517,NA,NA,Cross-sectional,Discrete choice theory,Multinomial logit,NA,NA,Over 1200 crime observations,Large alternative set with latent decision makers,NA,New spatial choice models outperform traditional hot spot methods.,"Distance to highway, family density, personal care expenditure, distance to hospital.",Distinct spatial choice model significantly outperforms uniform spatial choice model and hot spot model.,NA,Complete,"Study area size, population per unit, justification for SUoA choice.",High,2,0,0,0,0,0,0,2,0,FAM.DENSITY | Family density per unit area | persons/unit area | Census data; P.CARE.PH | Personal care expenditure per household | dollars | Census data; D.HIGHWAY | Distance to highway | kilometers | Calculated distance values; D.HOSPITAL | Distance to hospital | kilometers | Calculated distance values,4,D.HIGHWAY | Distance to highway | kilometers | Calculated distance values; D.HOSPITAL | Distance to hospital | kilometers | Calculated distance values,,,,,,,FAM.DENSITY | Family density per unit area | persons/unit area | Census data; P.CARE.PH | Personal care expenditure per household | dollars | Census data,
6,06_do_street_robbery_location_choices_vary_over_time.pdf,Do Street Robbery Location Choices Vary Over Time of Day or Day of Week? A Test in Chicago,NA,United States,Chicago,NA,City of Chicago,Street robbery,Street robbery,1996 to 1998,"Chicago Police Department, U.S. Census, marketing research firm Nielsen",Census blocks,"Median size of 19,680 m² (approximately 140 x 140 m)",Census blocks in the city of Chicago,"24,594",NA,NA,Cross-sectional,Discrete location choice models,Conditional logit model,NA,Sampling of alternatives technique,NA,NA,Maximum likelihood,"Most location attributes do not significantly vary by time of day or day of the week, except for high schools which are more attractive during school hours.",Presence of high schools during school hours,NA,NA,Complete,NA,High,1,0,0,3,2,0,1,2,2,Population density; Racial/ethnic composition; Presence of businesses; Presence of high schools; Presence of cash-intensive businesses; Distance from home; Presence of main streets; Time of day; Day of week; Presence of illegal markets; Presence of El stations,11,Distance from home,,,Presence of businesses; Presence of high schools; Presence of cash-intensive businesses,Presence of illegal markets; Presence of El stations,,Presence of main streets,Population density; Racial/ethnic composition,Time of day; Day of week
5,05_go_where_the_money_is_modeling_street_robbers_lo.pdf,Go where the money is: modeling street robbers' location choices,"Not explicitly mentioned, but likely around 2011 based on references",United States,Chicago,"Not explicitly mentioned in km², but involves 24,594 census blocks","The study focuses on the city of Chicago, analyzing nearly 25,000 census blocks.",Street robbery,Street robbery,1996-1998,Chicago Police Department; US 2000 Census; Claritas marketing information,Census block,Approximately 140 m x 140 m (460 ft x 460 ft),"Census blocks in Chicago, with an average population of 118 residents.","24,594 census blocks",Average of 118 residents per block,Allows for detailed analysis of location choices at a fine-grained spatial level.,Cross-sectional,Discrete choice framework,Multinomial logit model; Universal logit model,Stata/MP version 11,Random sampling of 6000 census blocks per robbery,"12,938 cleared robberies; 18,114 offenders",Census blocks in Chicago,Weighted exogenous sample maximum likelihood (WESML),"Street robbers prefer locations near their homes, with accessible blocks and cash economies, both legal and illegal.","Distance from home, presence of cash economies, accessibility indicators, racial/ethnic composition.",Not explicitly mentioned,"Spatial spillover effects observed, but limited to adjacent blocks.",Complete,No explicit mention of publication year or journal name.,High,1,0,0,5,9,0,1,5,0,"Age; Gender; Race/Ethnicity; Total population; Racial/ethnic composition; Bars, clubs; Restaurants, food stands; Liquor stores; General merchandise stores; Currency exchange, pawn shops; Distance from home; Main streets; Barbers, beauty salons; Grocers; Gas stations; Laundromats; El stations; Drug dealing activities; Prostitution soliciting; Gambling activities; None explicitly mentioned",21,Distance from home,,,"Bars, clubs; Restaurants, food stands; Liquor stores; General merchandise stores; Currency exchange, pawn shops","Barbers, beauty salons; Grocers; Gas stations; Laundromats; El stations; Drug dealing activities; Prostitution soliciting; Gambling activities; None explicitly mentioned",,Main streets,Age; Gender; Race/Ethnicity; Total population; Racial/ethnic composition,
7,07_the usefulness of past crime data as an attractive.pdf,The usefulness of past crime data as an attractiveness index for residential burglars,2018,Japan,Sendai City,NA,"Sendai City, Japan",Residential burglary,Residential burglary,2007-2015,Japanese national police register; 2010 Japanese national census,Grid cell,500 m x 500 m,"Grid cells in Sendai City, Japan","1,134",NA,NA,Cross-sectional,Discrete choice model,Conditional logit model,NA,NA,369 solved cases,NA,Maximum likelihood,"Residential burglars are attracted to areas near their residence, with many past residential burglaries, many residential units, and a higher proportion of single-family dwellings.","Distance from offender's residence, number of residential units, proportion of single-family dwellings, number of past residential burglaries, past residential burglary rate.",NA,NA,Complete,NA,High,1,2,0,0,4,0,0,1,0,Proportion of foreigners; Number of residential units; Proportion of single-family dwellings; Distance from offender's residence; Proportion of newcomers; None mentioned; Number of past residential burglaries; Past residential burglary rate,8,Distance from offender's residence,Number of residential units; Proportion of single-family dwellings,,,Proportion of newcomers; None mentioned; Number of past residential burglaries; Past residential burglary rate,,,Proportion of foreigners,
10,10_adolescent_offenders_current_whereabouts_predict.pdf,Adolescent offenders' current whereabouts predict locations of their future crimes,2019,Netherlands,The Hague,NA,The Hague and its suburbs,Various property and violent crimes,"Theft, burglary, assault, robbery, drug dealing, public order offences",2008-2012,"Self-report questionnaires, space-time budget interviews, police records",Grid cells,200x200m,Grid cells used to measure activity space and crime locations,4558,NA,Not explicitly mentioned,Longitudinal,Discrete spatial choice approach,Conditional logit model,NA,Two-wave panel study,843 adolescents,Not explicitly mentioned,Maximum likelihood,Offenders tend to commit crimes in and around their activity space and prior crime locations.,"Activity space, prior crime locations, presence of businesses.",Not explicitly mentioned.,NA,Complete,Some details on spatial unit justification and model performance metrics are not explicitly mentioned.,High,0,0,0,1,2,1,0,3,0,Age; Gender; Ethnic background; Presence of businesses; Prior crime locations; Activity space; Routine activities,7,,,,Presence of businesses,Activity space; Routine activities,Prior crime locations,,Age; Gender; Ethnic background,
1,01_a_discrete_spatial_choice_model_of_burglary_target.pdf,"The UGent Institutional Repository is the electronic archiving and dissemination platform for all UGent research publications. Ghent University has implemented a mandate stipulating that all academic publications of UGent researchers should be deposited and archived in this repository. Except for items where current copyright restrictions apply, these papers are available in Open Access",NA,Belgium,East Flanders,"3,000 km²",Densely urbanized polycentric area with a population of approximately 1.5 million inhabitants distributed across 12 cities and 53 towns.,Burglary,Burglary,2006-2012,Belgian Federal Police; Belgian Land Registry,Residential properties,Individual houses,"Houses in East Flanders, Belgium","Approximately 500,000 residential properties",NA,To address the modifiable areal unit problem and reduce aggregation bias by using the smallest spatial unit available.,Cross-sectional,Discrete spatial choice model,Conditional logit model,R version 3.0.2 with ICTCE 5.5.0,Random sampling of alternatives,"40,916,200 decision-maker-by-alternative combinations",All residential properties in East Flanders,Maximum likelihood,"Burglars prefer terraced houses, houses without a garage, houses lacking central heating/air-conditioning, and houses close to their residences.","Construction type, garage presence, central heating/AC, distance to house.",McFadden pseudo R² = 0.15,NA,Complete,"Publication year, authors, journal, DOI, filename not provided.",High,1,4,0,0,0,0,0,0,0,Construction type; Garage present; Central heating/AC; Built surface area; Distance to house,5,Distance to house,Construction type; Garage present; Central heating/AC; Built surface area,,,,,,,
4,04_where_do_dealers_solicit_customers_and_sell_them_drugs.pdf,Where Do Dealers Solicit Customers and Sell Them Drugs? A Micro-Level Multiple Method Study,2015,Netherlands,Amsterdam,NA,Red Light District and its neighboring area in downtown Amsterdam,Illicit drug dealing,Illicit drug dealing,NA,"Interviews with dealers, systematic observations",Street segments,Average length of 103 meters,Small enough to be overseen and overheard from a single point,262,NA,Detailed spatial scale of analysis,Cross-sectional,Multinomial logit model,Conditional logit,NA,Interviews and systematic observations,50 dealers,NA,NA,Dealers prefer locations with high potential customer density but are not deterred by social control.,"Potential customer density, social control",NA,Street segments are too coarse as units of analysis.,"Complete for demographic and economic variables, partial for other categories.","Study period, data sources, software used, estimation method.","High for demographic and economic variables, medium for other categories.",2,0,2,2,8,3,0,2,1,Age; Gender; Employment; Income; Business; Presence of retail and entertainment businesses; Accessibility; Distance to potential customers; Social control; Dealers' perceptions of social control; Physical disorder; Time of day for observations; Marital Status; Education; Drug Use; Presence of police CCTV cameras; Police officers on foot or bike; Police cars; Police stations; Potential customer density,20,Accessibility; Distance to potential customers,,Employment; Income,Business; Presence of retail and entertainment businesses,Marital Status; Education; Drug Use; Presence of police CCTV cameras; Police officers on foot or bike; Police cars; Police stations; Potential customer density,Social control; Dealers' perceptions of social control; Physical disorder,,Age; Gender,Time of day for observations
9,09_discrete_choice_analysis_of_spatial_attack_sites_1.pdf,Discrete choice analysis of spatial attack sites,2007,United States,Richmond,Not explicitly mentioned,City of Richmond,Breaking and entering,Breaking and entering,1997,"Richmond City Records Management Center, GIS layers",Grid cell,170m x 191m,Grid with 100 rows and 100 columns,"4,895",NA,Not explicitly mentioned,Cross-sectional,Multinomial discrete choice model,Multinomial logit,R software package,Random partition into training and test sets,637 distinct spatial selections,Grid cell centroids,Maximum likelihood,Discrete choice models outperform hot spot models.,"u30 (proximity measure), u66 (density measurement)",Discrete choice models dominate hot spot model.,Not explicitly mentioned,"Complete for some variables, partial for others.",Some details not explicitly mentioned.,"High for extracted information, medium for missing details.",2,0,0,0,1,0,0,0,0,Proximity; Distance/accessibility variables; Demographic variables,3,Proximity; Distance/accessibility variables,,,,Demographic variables,,,,
2,02_residential_burglary_target_selection_property_level.pdf,Residential burglary target selection: An analysis at the property-level using Google Street View,2017,Netherlands,The Hague,NA,Residential areas in The Hague,Residential burglary,Residential burglary,2009,The Hague Police Force; Google Street View,Individual residential properties,NA,Single-family homes in The Hague,300,NA,To isolate property-level effects,Case-control design,Conditional logistic regression,Conditional logistic regression,R,Case-control sampling,300,Not applicable,Conditional maximum likelihood,"Surveillability, accessibility, and ease of escape are positively related to burglary risk; no significant relationship with wealth.","Surveillability, accessibility, ease of escape",Conditional logistic regression model with significant improvement over baseline model (LR chi2(8) = 57.71; Prob > chi2 < 0.001),NA,Complete,None noted,High,2,1,1,2,1,2,0,0,0,Wealth; Business presence; Mixed land-use; House type; Accessibility; Ease of escape; Surveillability; Collective efficacy; None mentioned,9,Accessibility; Ease of escape,House type,Wealth,Business presence; Mixed land-use,None mentioned,Surveillability; Collective efficacy,,,
